ID,Full name,First names,Surname now,Surname at birth,Gender,Deceased,Mother ID,Mother name,Father ID,Father name,Partner ID,Partner name,Ex-partner IDs,Birth year,Birth month,Birth day,Death year,Death month,Death day,Email,Website,Blog,Photo site,Home tel,Work tel,Mobile,Skype,Address,Other contact,Birth place,Death place,Burial place,Burial year,Burial month,Burial day,Profession,Company,Interests,Activities,Bio notes,
START,WIFE,,,WIFE,F,,,,,,PP7FC,Robert Washington,,1406,,,,,,,,,,,,,,,,,,,,,,,,,,,
O98NW,Agnes GASCOIGNE,Agnes,,GASCOIGNE,F,Y,OJS7Z,Joan NEVILLE,LISOO,William GASCOIGNE,,,,1457,,,1504,,,,,,,,,,,,,Of, Gowthorpe, Yorkshire, England,,,,,,,,,,,
DPHPD,Agnes GASCOIGNE,Agnes,,GASCOIGNE,F,,MJDPJ,Margaret PERCY,E5KXQ,William GASCOIGNE,,,,1474,,,,,,,,,,,,,,,,Of, Gawthorpe, York, England,,,,,,,,,,,
KL5HF,Agnes LIGHT,Agnes,,LIGHT,F,,H0E2F,Elizabeth WARDE,INAGP,Christopher LIGHT,,,,1532,,,,,,,,,,,,,,,,Horley, Warwick, , Eng,,,,,,,,,,,
CNANB,Agnes HATHOWAY,Agnes,,HATHOWAY,F,,,,DC2XR,Richard HATHOWAY,PZQPS,John BALL,,1529,,,,,,,,,,,,,,,,,,,,,,,,,,,
BJAYA,Agnes,Agnes,,,F,,,,,,BE6KL,Thomas LIGHT,,1480,,,,,,,,,,,,,,,,Horley, Warwick, , Eng,,,,,,,,,,,
YMEO8,Alianore Berkeley,Alianore,,Berkeley,F,Y,DJIRN,Elizabeth BETTESHORNE,C9NAM,John De Berkeley,AIEDS,Richard POYNINGS,,1400,,,1455,8,,,,,,,,,,,,Of, Beverston, Gloucestershire, England,,, Arundel, Sussex, England,,,,,,,,,
V31H5,Alice GIFFARD,Alice,,GIFFARD,F,,X9I61,Eleanor PAULET,ETQ5P,William GIFFORD,,,,1503,,,,,,,,,,,,,,,,Of, Itchell, Hampshire, England,,,,,,,,,,,
MNKXA,Alice GASCOIGNE,Alice,,GASCOIGNE,F,Y,E2S4T,Joan (Jane) WYMAN,P6L32,William GASCOIGNE,,,,1401,,,,,,,,,,,,,,,,Of, Harewood, Yorkshire, England,,,,,,,,,,,
VIXFC,Alice Washington,Alice,,Washington,F,,IYUGZ,Margaret BUTLER,KO5T7,Lawrence Washington,,,,1610,,,,,,,,,,,,,,,,Brington, Northants, Eng,,,,,,,,,,,
RKAVU,Alice GIFFARD,Alice,,GIFFARD,F,,GG1NI,Joan (Johan) BRYDGES,KP61S,John (Henry) GIFFORD,,,,1526,,,,,,,,,,,,,,,,Of, Itchell, Hampshire, England,,,,,,,,,,,
FKTW7,Alice BULLOCK,Alice,,BULLOCK,F,,XHUK8,Margaret NORRIS,JI3UX,Gilbert BULLOCK,,,,1563,,,,,,,,,,,,,,,,Aberfeldy, Pershore, England,,,,,,,,,,,
SE1SR,Alice COOKE,Alice,,COOKE,F,Y,,,,,B2BQ7,Andrew READE,,1558,,,1605,,,,,,,,,,,,,Of, , Kent,Kent Manor, Linkenholt, Southhamptonshir, Eng.,,1606,3,6,,,,,,
KAH3L,Alice,Alice,,,F,,,,,,T73UT,Richard KINGSMILL,,1440,,,,,,,,,,,,,,,,,,,,,,,,,,,
XT9CD,Alice KINGSMILL,Alice,,KINGSMILL,F,,MU8B4,Jane GIFFARD,VG3X0,John KINGSMILL,HPCOJ,Thomas BULLOCK,,1500,,,,,,,,,,,,,,,,Basingstoke, Hants, Eng,,,,,,,,,,,
T7QNO,Alice BULLOCK,Alice,,BULLOCK,F,,XT9CD,Alice KINGSMILL,HPCOJ,Thomas BULLOCK,,,,1562,,,,,,,,,,,,,,,,Arborfield, Berks, England,,,,,,,,,,,
S5ZW9,Alice WALTHAM,Alice,,WALTHAM,F,,,,LDWMW,Richard WALTHAM,WBL22,William BALL,,1573,,,,,,,,,,,,,,,,, Wiltshire, England,,,,,,,,,,,
B40J5,Alice BRUGGE,Alice,,BRUGGE,F,,I9N0K,Florence DARREL,PW9DB,Thomas BRUGGE,,,,1460,,,,,,,,,,,,,,,,Of, Coberley, Gloucestershire, England,,,,,,,,,,,
LQROM,Alice PAULET,Alice,,PAULET,F,Y,,,,,XDZWM,John PAULET,,1456,,,,,,,,,,,,,,,,Of Hinton-St. George, Somersetshire, England,,Basing, Hampshire, England,,,,,,,,,
CAI6W,Alis BALL,Alis,,BALL,F,,CNANB,Agnes HATHOWAY,PZQPS,John BALL,,,,,,,,,,,,,,,,,,,,,,,,,,,,,,,
F0MAA,Alling BALL,Alling,,BALL,M,Y,S5ZW9,Alice WALTHAM,WBL22,William BALL,,,,1617,,,1716,11,,,,,,,,,,,,England,New Haven, New Haven, Connecticut,,,,,,,,,,
X53VS,Alling BALL,Alling,,BALL,M,Y,S5ZW9,Alice WALTHAM,WBL22,William BALL,,,,1598,,,,,,,,,,,,,,,,New Haven, Connecticut,,,,,,,,,,,
O23JC,Alling Or Allen BALL,Alling Or Allen,,BALL,M,Y,S5ZW9,Alice WALTHAM,WBL22,William BALL,,,,1595,,,,,,,,,,,,,,,,, , Wiltshire, England,New Haven, New Haven Co., Connecticut,,,,,,,,,,
T3GLH,Als (Sic) BALL,Als (Sic),,BALL,M,,XKI5L,Elizabeth WEBB,LFOE7,John BALL,,,,1589,,,,,,,,,,,,,,,,Wokingham, Berkshire, England,,,,,,,,,,,
NB96M,Amphyllis TWIGDEN,Amphyllis,,TWIGDEN,F,Y,GISBR,Anne DICKENS,NQ424,John TWIGDEN,GTB9E,Lawrence Washington,,1605,,,1655,1,12,,,,,,,,,,,Little Creston, Northampton, England,Tring, Hereford, England,Twing Hert, , , England,1655,1,12,,,,,,
QX0NL,Amphyllis WATTS,Amphyllis,,WATTS,F,,,,,,ISOQD,Thomas TWIGDEN,,1559,,,,,,,,,,,,,,,,Of, Little Creston, Northants, England,,,,,,,,,,,
IFBIT,Amy GASCOIGNE,Amy,,GASCOIGNE,F,,ZDKAY,Margaret CLARELL,VQ6O9,William GASCOIGNE,,,,1434,,,,,,,,,,,,,,,,Of, Gawthorpe, Yorkshire, England,,,,,,,,,,,
YAEKH,Amy Washington,Amy,,Washington,F,Y,IYUGZ,Margaret BUTLER,KO5T7,Lawrence Washington,,,,1600,,,1636,,,,,,,,,,,,,Althrop, Northants, Eng,,,,,,,,,,,
B094D,Amy PARGITER,Amy,,PARGITER,F,Y,BS3Y7,Anne KNIGHT,HFPLB,Robert PARGITER,FKFO4,Lawrence Washington,,1524,,,1564,10,7,,,,,,,,,,,Gretworth, Northamptonshire, Eng,Of, Sulgrave, Northampton, England,Of, Sulgrave, Northampton, England,1564,10,,,,,,,
B2BQ7,Andrew READE,Andrew,,READE,M,Y,JC6Z1,O'Alice POOLEY,MJOLD,Robert READE,SE1SR,Alice COOKE,,1556,,,1623,7,,,,,,,,,,,,Of, Faccombe, Hertfordshire, England,, Linkenwilt,,1623,7,8,,,,,,
ERHT6,Ann Montague,Ann,,Montague,F,,WDHWA,Margaret MALTHOUSE,TSNTB,William Montague,,,,1577,,,,,,,,,,,,,,,,Boveney, Bucks, England,,,,,,,,,,,
U8IZC,Ann Washington,Ann,,Washington,F,,B094D,Amy PARGITER,FKFO4,Lawrence Washington,,,,1552,,,,,,,,,,,,,,,,Greys Inn, Middlesex, England,,,,,,,,,,,
G19GK,Ann Montague,Ann,,Montague,F,,WDHWA,Margaret MALTHOUSE,TSNTB,William Montague,,,,1577,,,,,,,,,,,,,,,,,,,,,,,,,,,
Q1BLH,Ann Washington,Ann,,Washington,F,Y,D74PP,Anne POPE,GOP1V,John Washington,,,,1659,9,,1697,,,,,,,,,,,,,Lower Machodc, Westmoreland Co., Vi.,,Wash.Hm.Stead, Nr.Popes Creek, Westmoreland Co., Vi.,,,,,,,,,
JNYAB,Ann READE,Ann,,READE,F,,RRL4Z,Elizabeth Martiau (MARTAIN),ER9IN,George READE,,,,1652,,,,,,,,,,,,,,,,York Co, , VA,,,,,,,,,,,
AIDEM,Ann GIFFARD,Ann,,GIFFARD,F,,X9I61,Eleanor PAULET,ETQ5P,William GIFFORD,,,,1504,,,,,,,,,,,,,,,,Of, Itchell, Hampshire, England,,,,,,,,,,,
XQKQK,Ann Montague,Ann,,Montague,F,,CP67B,Cicely MATTHEW,L4FTA,Peter Montague,,,,1668,,,,,,,,,,,,,,,,,,,,,,,,,,,
FWMCF,Ann Washington,Ann,,Washington,F,Y,IYUGZ,Margaret BUTLER,KO5T7,Lawrence Washington,,,,1593,,,1635,4,1,,,,,,,,,,,Brington, Northants, Eng,,,,,,,,,,,
YRJY4,Ann PECK,Ann,,PECK,F,,NOHTZ,Ursula GUYBAN,H2KBD,Thomas PECK,KG33W,Augustine SOTHERTON,,,,,,,,,,,,,,,,,,,,,,,,,,,,,
K0T4J,Ann Montague,Ann,,Montague,F,Y,CP67B,Cicely MATTHEW,L4FTA,Peter Montague,,,,1630,,,,,,,,,,,,,,,,, , VA,, , VA,,,,,,,,,,
V7RWZ,Ann Montague,Ann,,Montague,F,,CYJHJ,Eleanor ALLEN,FVSPQ,Peter Of Boveney Montague,,,,1611,,,,,,,,,,,,,,,,Burnham, Boveney, Bucks, England,,,,,,,,,,,
HVXNC,Anne TALBOIS,Anne,,TALBOIS,F,,S88VF,Elizabeth GASCOIGNE,MLRUW,George TALBOYS,Y1FO2,Edward DYMOKE,,1508,,,,,,,,,,,,,,,,Kyme, Lincolnshire, England,,,,,,,,,,,
BS3Y7,Anne KNIGHT,Anne,,KNIGHT,F,,,,,,HFPLB,Robert PARGITER,,1490,,,,,,,,,,,,,,,,Charwelton, Northamps, Eng,,,,,,,,,,,
IE2MX,Anne MALTHOUSE,Anne,,MALTHOUSE,F,,WDHWA,Margaret MALTHOUSE,TSNTB,William Montague,,,,1578,,,,,,,,,,,,,,,,Boveney, Bucks, Eng,,,,,,,,,,,
GISBR,Anne DICKENS,Anne,,DICKENS,F,Y,KZ5J4,Anne THORNTON,BQDVO,William DICKENS,NQ424,John TWIGDEN,,1582,,,1637,,,,,,,,,,,,,Of, Great Creaton, Northants, England,,,1637,4,,,,,,,
N670A,Anne WINDEBANK,Anne,,WINDEBANK,F,Y,KGCGH,Frances DYMOKE,V5W0O,Thomas WINDIBANK,PG16Z,Henry READE,,1566,,,1624,,,,,,,,,,,,,,,,,,,,,,,,
AW34K,Anne PARGITER,Anne,,PARGITER,F,,BS3Y7,Anne KNIGHT,HFPLB,Robert PARGITER,,,,1502,,,,,,,,,,,,,,,,Greatworth, Northamps, Eng,,,,,,,,,,,
D7QWU,Anne Montague,Anne,,Montague,F,,CYJHJ,Eleanor ALLEN,FVSPQ,Peter Of Boveney Montague,,,,1620,,,,,,,,,,,,,,,,Of Burnham, Buckingham, England,,,,,,,,,,,
IYFKJ,Anne,Anne,,,F,,,,,,MXZ8H,John MALTHUS,,1500,,,,,,,,,,,,,,,,,,,,,,,,,,,
HDF2L,Anne PERCY,Anne,,PERCY,F,Y,E1XDY,Eleanor POYNINGS,HEQ2C,Henry PERCY,,,,1436,,,1522,7,5,,,,,,,,,,,Of, , Yorkshire, England,,St Margaret, Westminster, Middlesex, England,1522,7,9,,,,,,
D74PP,Anne POPE,Anne,,POPE,F,Y,WAE32,Lucy,Q2SVZ,Nathaniel POPE,GOP1V,John Washington,,1635,,,1668,,,,,,,,,,,,,, St Mary, Maryland,Bridge Creek, Westmoreland, Virginia,,,,,,,,,,
YLVNJ,Anne BULLOCK,Anne,,BULLOCK,F,,XHUK8,Margaret NORRIS,JI3UX,Gilbert BULLOCK,,,,1565,,,,,,,,,,,,,,,,Aberfeldy, Pershore, England,,,,,,,,,,,
IKDQF,Anne BISHOP,Anne,,BISHOP,F,,,,,,JBRW5,Henry WARDE,,1586,,,,,,,,,,,,,,,,Pillerton, Warwick, , Eng,,,,,,,,,,,
TR448,Anne WILMER,Anne,,WILMER,F,,MIECN,Juliana SPENCER,VP6XD,William WILMER,GDKI5,Henry THORNTON,,1530,,,,,,,,,,,,,,,,Of, Great Creaton, Northants, England,,,,,,,,,,,
XNP6T,Anne SPARROW,Anne,,SPARROW,F,,,,,,E7ZBB,Robert DYMOKE,,1470,,,,,,,,,,,,,,,,Of, London, Middlesex, England,,,,,,,,,,,
BIWMI,Anne GASCOIGNE,Anne,,GASCOIGNE,F,,ZDKAY,Margaret CLARELL,VQ6O9,William GASCOIGNE,,,,1436,,,,,,,,,,,,,,,,Of, Gawthorpe, Yorkshire, England,,,,,,,,,,,
GO5L2,Anne BRUGGE,Anne,,BRUGGE,F,Y,I9N0K,Florence DARREL,PW9DB,Thomas BRUGGE,,,,1473,,,,,,,,,,,,,,,,Of, Coberley, Gloucestershire, England,Unmarried,,,,,,,,,,
PYPWN,Anne GASCOIGNE,Anne,,GASCOIGNE,F,,MJDPJ,Margaret PERCY,E5KXQ,William GASCOIGNE,,,,1479,,,,,,,,,,,,,,,,Of, Gawthorpe, York, England,,,,,,,,,,,
EGIEN,Anne GASCOIGNE,Anne,,GASCOIGNE,F,,E2S4T,Joan (Jane) WYMAN,P6L32,William GASCOIGNE,,,,1404,,,,,,,,,,,,,,,,Of, Harewood, Yorkshire, England,,,,,,,,,,,
KZ5J4,Anne THORNTON,Anne,,THORNTON,F,Y,TR448,Anne WILMER,GDKI5,Henry THORNTON,BQDVO,William DICKENS,,1555,,,1614,,,,,,,,,,,,,Of, Great Creaton, Northants, England,,,1614,,,,,,,,
JTEXP,Anne De NEVILLE,Anne De,,NEVILLE,F,Y,V9R7M,Joan De BEAUFORT,SSJHN,Ralph De NEVILLE,,,,1411,,,1480,9,20,,,,,,,,,,,Of, , Westmorland, England,Sp,, Pleshy, Essex, England,,,,,,,,,
R42M2,Anne Or Amy Washington,Anne Or Amy,,Washington,F,,CTPRK,Elizabeth LIGHT,AOOBM,Robert Washington,,,,1579,,,,,,,,,,,,,,,,Of Sulgrave, Northampton, Eng.,,,,,,,,,,,
H34BK,Anthony PARGITER,Anthony,,PARGITER,M,,BS3Y7,Anne KNIGHT,HFPLB,Robert PARGITER,,,,1494,,,,,,,,,,,,,,,,Greatworth, Northamps, Eng,,,,,,,,,,,
LKN82,Arthur DYMOKE,Arthur,,DYMOKE,M,,XNP6T,Anne SPARROW,E7ZBB,Robert DYMOKE,,,,1510,,,,,,,,,,,,,,,,Of, Scriveslby, Lincolnshire, England,,,,,,,,,,,
EHDG4,Augustine Washington,Augustine,,Washington,M,Y,QQY6B,Mildred WARNER,IB2NR,Lawrence Washington,P9BQ4,Mary BALL,,1693,,,1743,4,12,,,,,,,,,,,Bridge's Creek, Westmoreland, Virginia,Ferry Farm, King George, Virginia,,,,,,,,,,
XJJD7,Augustine WARNER,Augustine,,WARNER,M,,YSVNJ,Mildred READE,IG8JG,Augustine WARNER,,,,1671,,,,,,,,,,,,,,,,Gloucester, VA.,,,,,,,,,,,
G65NZ,Augustine WARNER,Augustine,,WARNER,M,Y,DH5RV,Elizabeth SOTHERTON,BRRYM,Thomas WARNER,BKVUA,Mary TOWNELEY,,1610,11,28,1674,12,24,,,,,,,,,,,Eng,Warner Hall, Gloucester, VA,Virginia,1627,,,,,,,,
KG33W,Augustine SOTHERTON,Augustine,,SOTHERTON,M,,,,,,YRJY4,Ann PECK,,1553,,,,,,,,,,,,,,,,,,,,,,,,,,,
IG8JG,Augustine WARNER,Augustine,,WARNER,M,Y,BKVUA,Mary TOWNELEY,G65NZ,Augustine WARNER,YSVNJ,Mildred READE,,1642,7,3,1681,6,19,,,,,,,,,,,, Of Glouster, VA,Warner Hall, Gloucester Co, VA,Warner Hall, Gloucester, VA,1681,6,,,,,,,
KJQBE,Barbara Washington,Barbara,,Washington,F,,B094D,Amy PARGITER,FKFO4,Lawrence Washington,,,,1576,,,,,,,,,,,,,,,,,,,,,,,,,,,
TJ61P,Benjamin READE,Benjamin,,READE,M,Y,RRL4Z,Elizabeth Martiau (MARTAIN),ER9IN,George READE,,,,1647,,,1731,,,,,,,,,,,,,, , VA,, , VA.,,,,,,,,,,
CHJUQ,Betty Washington,Betty,,Washington,F,Y,P9BQ4,Mary BALL,EHDG4,Augustine Washington,,,,1733,6,20,1797,3,31,,,,,,,,,,,Wakefield, Westmoreland, Virginia,Western View, Culpeper, Virginia,,,,,,,,,,
UP7P2,Bridget DYMOKE,Bridget,,DYMOKE,F,,HVXNC,Anne TALBOIS,Y1FO2,Edward DYMOKE,,,,1544,,,,,,,,,,,,,,,,Scrivelsby, Lincolnshire, England,,,,,,,,,,,
FVQWR,Catherine PERCY,Catherine,,PERCY,F,Y,ZIDBQ,Eleanor NEVILLE,IXN68,Henry De PERCY,,,,1423,5,28,,,,,,,,,,,,,,, Leckonfield, Yorkshire, England,, , , England,,,,,,,,,,
F2VGM,Catherine De NEVILLE,Catherine De,,NEVILLE,F,Y,V9R7M,Joan De BEAUFORT,SSJHN,Ralph De NEVILLE,,,,1397,,,,,,,,,,,,,,,,Of, Raby, Durham, England,,,,,,,,,,,
FMLBD,Cecily NEVILLE,Cecily,,NEVILLE,F,Y,V9R7M,Joan De BEAUFORT,SSJHN,Ralph De NEVILLE,,,,1415,5,31,1495,5,31,,,,,,,,,,,, Raby, Durham, England,, Berkhamsted, Hertfordshire, England,, Fotheringhay, Northhamptonshire, England,,,,,,,,,
UYLWJ,Charles DYMOKE,Charles,,DYMOKE,M,Y,HVXNC,Anne TALBOIS,Y1FO2,Edward DYMOKE,,,,1532,,,1611,4,5,,,,,,,,,,,Scrivelsby, Lincolnshire, England,,,,,,,,,,,
YOIQK,Charles Washington,Charles,,Washington,M,Y,P9BQ4,Mary BALL,EHDG4,Augustine Washington,,,,1738,5,2,1799,9,16,,,,,,,,,,,Wakefield, Westmoreland, Virginia,,,,,,,,,,,
X6LZ5,Christopher BULLOCK,Christopher,,BULLOCK,M,,XHUK8,Margaret NORRIS,JI3UX,Gilbert BULLOCK,,,,1559,,,,,,,,,,,,,,,,Aberfeldy, Pershore, England,,,,,,,,,,,
K5U4S,Christopher Washington,Christopher,,Washington,M,Y,CTPRK,Elizabeth LIGHT,AOOBM,Robert Washington,,,,1573,,,1596,1,1,,,,,,,,,,,Of Sulgrave, Northampton, Eng.,,,1596,1,,,,,,,
INSSD,Christopher LIGHT,Christopher,,LIGHT,M,,H0E2F,Elizabeth WARDE,INAGP,Christopher LIGHT,,,,1528,,,,,,,,,,,,,,,,Horley, Warwick, , Eng,,,,,,,,,,,
INAGP,Christopher LIGHT,Christopher,,LIGHT,M,Y,BJAYA,Agnes,BE6KL,Thomas LIGHT,H0E2F,Elizabeth WARDE,,1500,,,1546,8,16,,,,,,,,,,,Horley, Oxford, , Eng,Horley, Oxford, , Eng,Horley, Oxford, , England,1546,8,,,,,,,
CP67B,Cicely MATTHEW,Cicely,,MATTHEW,F,,,,DR5FL,Samuel MATHEWS,L4FTA,Peter Montague,,1600,,,,,,,,,,,,,,,,,,,,,,,,,,,
ST4DH,Cicely PARGITER,Cicely,,PARGITER,F,,BS3Y7,Anne KNIGHT,HFPLB,Robert PARGITER,,,,1506,,,,,,,,,,,,,,,,Greatworth, Northamps, Eng,,,,,,,,,,,
GW30U,Cuthbert De NEVILLE,Cuthbert De,,NEVILLE,M,Y,V9R7M,Joan De BEAUFORT,SSJHN,Ralph De NEVILLE,,,,1405,,,,,,,,,,,,,,,,Of, Raby, Durham, England,Died Young,,,,,,,,,,
A79FL,Dorothy DYMOKE,Dorothy,,DYMOKE,F,,HVXNC,Anne TALBOIS,Y1FO2,Edward DYMOKE,,,,1538,,,,,,,,,,,,,,,,Scrivelsby, Lincolnshire, England,,,,,,,,,,,
UK0K1,Dorothy BULLOCK,Dorothy,,BULLOCK,F,,XT9CD,Alice KINGSMILL,HPCOJ,Thomas BULLOCK,,,,1554,,,,,,,,,,,,,,,,Arborfield, Berks, England,,,,,,,,,,,
SIH1K,Dorothy BALL,Dorothy,,BALL,F,,XKI5L,Elizabeth WEBB,LFOE7,John BALL,,,,1591,,,,,,,,,,,,,,,,Wokingham, Berkshire, England,,,,,,,,,,,
Q6M1M,Dorothy GASCOIGNE,Dorothy,,GASCOIGNE,F,,MJDPJ,Margaret PERCY,E5KXQ,William GASCOIGNE,,,,1476,,,,,,,,,,,,,,,,Of, Gawthorpe, York, England,,,,,,,,,,,
KLC0V,Edith BALL,Edith,,BALL,F,,CNANB,Agnes HATHOWAY,PZQPS,John BALL,,,,,,,,,,,,,,,,,,,,,,,,,,,,,,,
KNUUN,Edward DYMOKE,Edward,,DYMOKE,M,Y,HVXNC,Anne TALBOIS,Y1FO2,Edward DYMOKE,,,,1555,,,1614,,,,,,,,,,,,,Scrivelsby, Lincolnshire, England,,,,,,,,,,,
PNHZ3,Edward PARGITER,Edward,,PARGITER,M,,BS3Y7,Anne KNIGHT,HFPLB,Robert PARGITER,,,,1498,,,,,,,,,,,,,,,,Greatworth, Northamps, Eng,,,,,,,,,,,
R6JMM,Edward BALL,Edward,,BALL,M,,WI5XV,Unknown,VYGXZ,Robert BALL,,,,1507,,,,,,,,,,,,,,,,Barkham, Berkshire, England,,,,,,,,,,,
XHBJ9,Edward NEVILLE,Edward,,NEVILLE,M,Y,V9R7M,Joan De BEAUFORT,SSJHN,Ralph De NEVILLE,,,,1417,,,1476,10,18,,,,,,,,,,,Of Raby With Keverstone, Staindrop, Durham, England,,,,,,,,,,,
Y1FO2,Edward DYMOKE,Edward,,DYMOKE,M,Y,XNP6T,Anne SPARROW,E7ZBB,Robert DYMOKE,HVXNC,Anne TALBOIS,,1508,,,1566,9,16,,,,,,,,,,,Scrivelsby, Lincolnshire, England,,,1566,9,,,,,,,
YADYK,Edwin BALL,Edwin,,BALL,M,Y,BVLUB,Mary Montague,AH1JY,Joseph BALL,,,,1723,7,29,,,,,,,,,,,,,,VA,VA,,,,,,,,,,
ZIDBQ,Eleanor NEVILLE,Eleanor,,NEVILLE,F,Y,V9R7M,Joan De BEAUFORT,SSJHN,Ralph De NEVILLE,IXN68,Henry De PERCY,,1407,,,1440,,,,,,,,,,,,,Of, Raby, Durham, England,, , , England,,,,,,,,,,
X9I61,Eleanor PAULET,Eleanor,,PAULET,F,,LQROM,Alice PAULET,XDZWM,John PAULET,ETQ5P,William GIFFORD,,1479,,,,,,,,,,,,,,,,Of, Itchell, Hampshire, England,,,,,,,,,,,
CYJHJ,Eleanor ALLEN,Eleanor,,ALLEN,F,Y,CR6DX,Ellen,ZLTHF,William ALLEN,FVSPQ,Peter Of Boveney Montague,,1585,,,1656,1,,,,,,,,,,,,Of Burnham, Buckingham, Eng,,,,,,,,,,,
LXOKH,Eleanor PERCY,Eleanor,,PERCY,F,,E1XDY,Eleanor POYNINGS,HEQ2C,Henry PERCY,,,,1455,,,,,,,,,,,,,,,,Of, , Yorkshire, England,,,,,,,,,,,
E1XDY,Eleanor POYNINGS,Eleanor,,POYNINGS,F,Y,YMEO8,Alianore Berkeley,AIEDS,Richard POYNINGS,HEQ2C,Henry PERCY,,1422,,,1483,2,,,,,,,,,,,,, , , Eng,,,,,,,,,,,
AWVK3,Eleanor BRUGGE,Eleanor,,BRUGGE,F,,I9N0K,Florence DARREL,PW9DB,Thomas BRUGGE,,,,1463,,,,,,,,,,,,,,,,Of, Coberley, Gloucestershire, England,,,,,,,,,,,
UMP7E,Eleanor,Eleanor,,,F,,,,,,KJDCM,Robert BULLOCK,,1426,,,,,,,,,,,,,,,,,,,,,,,,,,,
JQJ34,Eleanor Washington,Eleanor,,Washington,F,,DOJGG,Elizabeth WESTFIELD,C2N4C,Robert Washington,,,,1469,,,,,,,,,,,,,,,,Warton, Lancs, Eng,,,,,,,,,,,
URO3V,Eleanor BULLOCK,Eleanor,,BULLOCK,F,,XHUK8,Margaret NORRIS,JI3UX,Gilbert BULLOCK,,,,1567,,,,,,,,,,,,,,,,Aberfeldy, Pershore, England,,,,,,,,,,,
OGB20,Eleanor BULLOCK,Eleanor,,BULLOCK,F,,XT9CD,Alice KINGSMILL,HPCOJ,Thomas BULLOCK,,,,1558,,,,,,,,,,,,,,,,Arborfield, Berks, England,,,,,,,,,,,
PN395,Elinor GASCOIGNE,Elinor,,GASCOIGNE,F,,MJDPJ,Margaret PERCY,E5KXQ,William GASCOIGNE,,,,1478,,,,,,,,,,,,,,,,Of, Gawthorpe, York, England,,,,,,,,,,,
HN34U,Elizabeth Washington,Elizabeth,,Washington,F,,IYUGZ,Margaret BUTLER,KO5T7,Lawrence Washington,,,,1595,,,,,,,,,,,,,,,,Brington, Northants, Eng,,,,,,,,,,,
KP718,Elizabeth Washington,Elizabeth,,Washington,F,Y,NB96M,Amphyllis TWIGDEN,GTB9E,Lawrence Washington,,,,1627,,,1636,8,17,,,,,,,,,,,England,Tring, Herts,,,,,,,,,,
QOJ0J,Elizabeth Montague,Elizabeth,,Montague,F,,CYJHJ,Eleanor ALLEN,FVSPQ,Peter Of Boveney Montague,,,,1618,,,,,,,,,,,,,,,,Burnham, Boveney, Bucks, England,,,,,,,,,,,
PUMCM,Elizabeth PERCY,Elizabeth,,PERCY,F,Y,E1XDY,Eleanor POYNINGS,HEQ2C,Henry PERCY,,,,1460,,,,,,,,,,,,,,,,Of, Leckonfield, Yorkshire, England,,, Wensley, Yorkshire, England,,,,,,,,,
P6ASW,Elizabeth MALTHOUSE,Elizabeth,,MALTHOUSE,F,,WDHWA,Margaret MALTHOUSE,TSNTB,William Montague,,,,1575,,,,,,,,,,,,,,,,Boveney, Bucks, Eng,,,,,,,,,,,
Z5F9I,Elizabeth DYMOKE,Elizabeth,,DYMOKE,F,,HVXNC,Anne TALBOIS,Y1FO2,Edward DYMOKE,,,,1535,,,,,,,,,,,,,,,,Scrivelsby, Lincolnshire, England,,,,,,,,,,,
XKI5L,Elizabeth WEBB,Elizabeth,,WEBB,F,Y,E0GOW,Mrs Thomas WEBB,WBZWG,Thomas WEBB,LFOE7,John BALL,,1575,,,1595,,,,,,,,,,,,,Ruscombe, Comitatis, Berkshire, England,,,,,,,,,,,
O0DOH,Elizabeth BRUGGE,Elizabeth,,BRUGGE,F,Y,I9N0K,Florence DARREL,PW9DB,Thomas BRUGGE,,,,1459,,,1535,1,26,,,,,,,,,,,Of, Coberley, Gloucestershire, England,,, Deerhurst, Gloucestershire, England,,,,,,,,,
S88VF,Elizabeth GASCOIGNE,Elizabeth,,GASCOIGNE,F,Y,MJDPJ,Margaret PERCY,E5KXQ,William GASCOIGNE,MLRUW,George TALBOYS,,1471,,,1553,,,,,,,,,,,,,Of, Gawthorpe, York, England,,,,,,,,,,,
G6I5U,Elizabeth BALL,Elizabeth,,BALL,F,,XKI5L,Elizabeth WEBB,LFOE7,John BALL,,,,1585,,,,,,,,,,,,,,,,Wokingham, Berkshire, England,,,,,,,,,,,
J6U5G,Elizabeth POPE,Elizabeth,,POPE,F,,WAE32,Lucy,Q2SVZ,Nathaniel POPE,,,,1634,,,,,,,,,,,,,,,,, , Virginia,,,,,,,,,,,
E4GWQ,Elizabeth Washington,Elizabeth,,Washington,F,,B094D,Amy PARGITER,FKFO4,Lawrence Washington,,,,1560,,,,,,,,,,,,,,,,,,,,,,,,,,,
QQE7E,Elizabeth NEWMARCH,Elizabeth,,NEWMARCH,F,,,,WJ8US,Robert NEWMARCH,YIA5B,John NEVILLE,,1420,,,,,,,,,,,,,,,,Of, Oversley, Warwickshire, England,,,,,,,,,,,
B2S7K,Elizabeth CHURCH,Elizabeth,,CHURCH,F,,,,,,FW0YL,Thomas VESEY,,1570,,,,,,,,,,,,,,,,Of, Maldon, Essex, England,,,,,,,,,,,
B35TH,Elizabeth GASCOIGNE,Elizabeth,,GASCOIGNE,F,,OJS7Z,Joan NEVILLE,LISOO,William GASCOIGNE,,,,1473,,,,,,,,,,,,,,,,Of, Gawthorpe, Yorkshire, England,,,,,,,,,,,
AQTDW,Elizabeth Montague,Elizabeth,,Montague,F,,CP67B,Cicely MATTHEW,L4FTA,Peter Montague,,,,1636,,,,,,,,,,,,,,,,, Nansemond, VA,,,,,,,,,,,
SVWCE,Elizabeth Montague,Elizabeth,,Montague,F,,WDHWA,Margaret MALTHOUSE,TSNTB,William Montague,,,,1575,,,,,,,,,,,,,,,,Boveney, Bucks, England,,,,,,,,,,,
Z77T1,Elizabeth Washington,Elizabeth,,Washington,F,,CTPRK,Elizabeth LIGHT,AOOBM,Robert Washington,,,,1583,,,,,,,,,,,,,,,,Of Sulgrave, Northampton, Eng.,,,,,,,,,,,
GVGY2,Elizabeth WARNER,Elizabeth,,WARNER,F,Y,YSVNJ,Mildred READE,IG8JG,Augustine WARNER,,,,1672,11,24,1720,2,5,,,,,,,,,,,Chesake,Gloucesterco, VA,,,,,,,,,,
DH5RV,Elizabeth SOTHERTON,Elizabeth,,SOTHERTON,F,Y,YRJY4,Ann PECK,KG33W,Augustine SOTHERTON,BRRYM,Thomas WARNER,,1582,,,,,,,,,,,,,,,,,,,,,,,,,,,
H0E2F,Elizabeth WARDE,Elizabeth,,WARDE,F,,IKDQF,Anne BISHOP,JBRW5,Henry WARDE,INAGP,Christopher LIGHT,,1504,,,,,,,,,,,,,,,,Pillerton, Warwick, , Eng,,,,,,,,,,,
DOJGG,Elizabeth WESTFIELD,Elizabeth,,WESTFIELD,F,,X43WC,Mrs-John WESTFIELD,Z4C75,John WESTFIELD,C2N4C,Robert Washington,,1444,,,,,,,,,,,,,,,,Of, Warton, Lancashire, England,,,,,,,,,,,
PN04H,Elizabeth PERCY,Elizabeth,,PERCY,F,Y,DIR16,Elizabeth MORTIMER,AB64A,Henry Hotspur De PERCY,,,,1390,,,1437,10,26,,,,,,,,,,,Of, Alnwick, Northumberland, England,, , , England,,,,,,,,,,
VF85O,Elizabeth Berkeley,Elizabeth,,Berkeley,F,Y,DJIRN,Elizabeth BETTESHORNE,C9NAM,John De Berkeley,,,,1400,,,1478,12,8,,,,,,,,,,,Of, Beverstone, Gloucestershire, England,,St. James Priory, Dudley, Staffordshire, England,,,,,,,,,
AKP4D,Elizabeth Montague,Elizabeth,,Montague,F,,WDHWA,Margaret MALTHOUSE,TSNTB,William Montague,,,,1575,,,,,,,,,,,,,,,,,,,,,,,,,,,
CTPRK,Elizabeth LIGHT,Elizabeth,,LIGHT,F,Y,U1R48,Ursula WOODFORD,EMQTO,Walter LIGHT,AOOBM,Robert Washington,,1547,,,,,,,,,,,,,,,,Of Radway, Warwickshire, England,, , , Eng,, , , England,,,,,,,,,
DIR16,Elizabeth MORTIMER,Elizabeth,,MORTIMER,F,Y,,,,,AB64A,Henry Hotspur De PERCY,,1370,2,12,1417,4,20,,,,,,,,,,,, Usk, Monmouthshire, England,, , , England,,,,,,,,,,
RRL4Z,Elizabeth Martiau (MARTAIN),Elizabeth,,Martiau (MARTAIN),F,Y,YDY2R,Jane Berkeley,S2U2K,Nicholas Martiau,ER9IN,George READE,,1625,12,12,,,,,,,,,,,,,,Of Elizabeth City Co., VA,Will Processed,,,,,,,,,,
H1XVV,Elizabeth READE,Elizabeth,,READE,F,,RRL4Z,Elizabeth Martiau (MARTAIN),ER9IN,George READE,,,,1651,,,,,,,,,,,,,,,,Of York Co., VA,,,,,,,,,,,
OBEYV,Elizabeth Montague,Elizabeth,,Montague,F,,CP67B,Cicely MATTHEW,L4FTA,Peter Montague,,,,1670,,,,,,,,,,,,,,,,,,,,,,,,,,,
DJIRN,Elizabeth BETTESHORNE,Elizabeth,,BETTESHORNE,F,,,,,,C9NAM,John De Berkeley,,1353,,,,,,,,,,,,,,,,Beverstone, Gloucs., , England,,,,,,,,,,,
V6X7T,Elizabeth (Eleanor) GREY,Elizabeth (Eleanor),,GREY,F,,,,,,F96SE,Robert POYNINGS,,1443,,,,,,,,,,,,,,,,,,,,,,,,,,,
GTUW2,Elizabeth (Isabel) GASCOIGNE,Elizabeth (Isabel),,GASCOIGNE,F,,E2S4T,Joan (Jane) WYMAN,P6L32,William GASCOIGNE,,,,1411,,,,,,,,,,,,,,,,Of, Harewood, Yorkshire, England,,,,,,,,,,,
P3ETZ,Ellen Montague,Ellen,,Montague,F,,CP67B,Cicely MATTHEW,L4FTA,Peter Montague,,,,1632,,,,,,,,,,,,,,,,, , VA,,,,,,,,,,,
RRDB8,Ellen Montague,Ellen,,Montague,F,,CP67B,Cicely MATTHEW,L4FTA,Peter Montague,,,,1674,,,,,,,,,,,,,,,,,,,,,,,,,,,
CR6DX,Ellen,Ellen,,,F,,,,,,ZLTHF,William ALLEN,,1550,,,,,,,,,,,,,,,,,,,,,,,,,,,
KPSGZ,Eve BALL,Eve,,BALL,F,Y,BVLUB,Mary Montague,AH1JY,Joseph BALL,,,,1713,12,24,,,,,,,,,,,,,,VA,VA,,,,,,,,,,
I9N0K,Florence DARREL,Florence,,DARREL,F,Y,,,,,PW9DB,Thomas BRUGGE,,1425,,,1506,,,,,,,,,,,,,Of, Littlecote, Wiltshire, England,,,,,,,,,,,
KGCGH,Frances DYMOKE,Frances,,DYMOKE,F,Y,HVXNC,Anne TALBOIS,Y1FO2,Edward DYMOKE,V5W0O,Thomas WINDIBANK,,1550,,,,,,,,,,,,,,,,Scrivelsby, Lincolnshire, England,,,,,,,,,,,
HTW41,Frances Washington,Frances,,Washington,F,,B094D,Amy PARGITER,FKFO4,Lawrence Washington,,,,1550,,,,,,,,,,,,,,,,Greys Inn, Middlesex, England,,,,,,,,,,,
KG1JQ,Frances DYMOKE,Frances,,DYMOKE,F,,HVXNC,Anne TALBOIS,Y1FO2,Edward DYMOKE,,,,1550,,,,,,,,,,,,,,,,Scrivelsby, Lincolnshire, England,,,,,,,,,,,
UPUOJ,Frances BALL,Frances,,BALL,F,Y,BVLUB,Mary Montague,AH1JY,Joseph BALL,,,,1709,10,13,1730,,,,,,,,,,,,,VA,VA,,,,,,,,,,
HN4OS,Frances Washington,Frances,,Washington,F,,IYUGZ,Margaret BUTLER,KO5T7,Lawrence Washington,,,,1613,,,,,,,,,,,,,,,,Brington, Northants, Eng,,,,,,,,,,,
L4LM5,Francis MALTHUS,Francis,,MALTHUS,M,Y,XCIH4,Margaret BULLOCK,SDTJX,John MALTHOUSE,,,,,,,1563,7,,,,,,,,,,,,,,,,,,,,,,,
URPTB,Francis BALL,Francis,,BALL,M,Y,S5ZW9,Alice WALTHAM,WBL22,William BALL,,,,1599,,,1648,10,3,,,,,,,,,,,Springfield, , Massachusetts,Springfield, Hampden, MA,,,,,,,,,,
U233J,Francis WINDEBANK,Francis,,WINDEBANK,M,Y,KGCGH,Frances DYMOKE,V5W0O,Thomas WINDIBANK,,,,1583,,,1646,,,,,,,,,,,,,,,,,,,,,,,,
TPIMF,Francis READE,Francis,,READE,M,Y,RRL4Z,Elizabeth Martiau (MARTAIN),ER9IN,George READE,,,,1645,,,1694,,,,,,,,,,,,,, , VA,,,,,,,,,,,
GXDEP,George GIFFARD,George,,GIFFARD,M,,GG1NI,Joan (Johan) BRYDGES,KP61S,John (Henry) GIFFORD,,,,1532,,,,,,,,,,,,,,,,Of, Itchell, Hampshire, England,,,,,,,,,,,
M9Q9F,George POWLETT (PAULET),George,,POWLETT (PAULET),M,Y,LQROM,Alice PAULET,XDZWM,John PAULET,,,,1492,,,1558,,,,,,,,,,,,,Of, Crandal, Hampshire, England,,,,,,,,,,,
EQ114,George WARNER,George,,WARNER,M,,YSVNJ,Mildred READE,IG8JG,Augustine WARNER,,,,1674,,,,,,,,,,,,,,,,Gloucester, VA.,,,,,,,,,,,
T53XU,George THOMPSON,George,,THOMPSON,M,,,,,,PAUFY,Mrs George THOMPSON,,1504,,,,,,,,,,,,,,,,Of, Palstarr, Lancaster, England,,,,,,,,,,,
KV0SW,George PERCY,George,,PERCY,M,Y,ZIDBQ,Eleanor NEVILLE,IXN68,Henry De PERCY,,,,1424,7,24,,,,,,,,,,,,,,, Leckonfield, Yorkshire, England,, , , England,, , , England,1474,11,14,,,,,,
LN84I,George MALTHOUSE,George,,MALTHOUSE,M,,WDHWA,Margaret MALTHOUSE,TSNTB,William Montague,,,,1579,,,,,,,,,,,,,,,,Boveney, Bucks, Eng,,,,,,,,,,,
XACCH,George BALL,George,,BALL,M,,XKI5L,Elizabeth WEBB,LFOE7,John BALL,,,,1579,,,,,,,,,,,,,,,,Wokingham, Berkshire, England,,,,,,,,,,,
IYXQ8,George BULLOCK,George,,BULLOCK,M,,XT9CD,Alice KINGSMILL,HPCOJ,Thomas BULLOCK,,,,1546,,,,,,,,,,,,,,,,Arborfield, Berks, England,,,,,,,,,,,
ER9IN,George READE,George,,READE,M,Y,ULXPQ,Mildred WINDIBANK,AOKRO,Robert READE,RRL4Z,Elizabeth Martiau (MARTAIN),,1608,10,25,,,,,,,,,,,,,,Linkenholt Manor, Hampshire, England,, , VA,Yorktown, York, VA.,,,,,,,,,
J2QAR,George Washington,George,,Washington,M,Y,IYUGZ,Margaret BUTLER,KO5T7,Lawrence Washington,,,,,,,1608,8,3,,,,,,,,,,,England,Wormleighton, Warwickshire,,,,,,,,,,
MLRUW,George TALBOYS,George,,TALBOYS,M,Y,,,,,S88VF,Elizabeth GASCOIGNE,,1467,,,1538,,,,,,,,,,,,,,,,,,,,,,,,
JMK31,George BALL,George,,BALL,M,,CNANB,Agnes HATHOWAY,PZQPS,John BALL,,,,,,,,,,,,,,,,,,,,,,,,,,,,,,,
UDWXR,George READE,George,,READE,M,,RRL4Z,Elizabeth Martiau (MARTAIN),ER9IN,George READE,,,,1640,,,,,,,,,,,,,,,,, , VA,,,,,,,,,,,
OYSPH,George PARGITER,George,,PARGITER,M,,BS3Y7,Anne KNIGHT,HFPLB,Robert PARGITER,,,,1496,,,,,,,,,,,,,,,,Greatworth, Northamps, Eng,,,,,,,,,,,
G5NEY,George NEVILLE,George,,NEVILLE,M,Y,V9R7M,Joan De BEAUFORT,SSJHN,Ralph De NEVILLE,,,,1414,,,1469,12,30,,,,,,,,,,,Of, Raby, Durham, England,,(31 Dec 1469),,,,,,,,,
UHS5D,George Washington,George,,Washington,M,Y,P9BQ4,Mary BALL,EHDG4,Augustine Washington,,,,1732,2,22,1799,12,14,,,,,,,,,,,Wakefield, Popes Creek, Westmoreland, Virginia,Mount Vernon, Fairfax, Virginia,Mount Vernon, Fairfax, Virginia,1799,12,18,,,,,,
BT4YW,George Montague,George,,Montague,M,,WDHWA,Margaret MALTHOUSE,TSNTB,William Montague,,,,1581,,,,,,,,,,,,,,,,Boveney, Bucks, England,,,,,,,,,,,
IQFAD,Gilbert BULLOCK,Gilbert,,BULLOCK,M,,XT9CD,Alice KINGSMILL,HPCOJ,Thomas BULLOCK,,,,1564,,,,,,,,,,,,,,,,Arborfield, Berks, England,,,,,,,,,,,
JI3UX,Gilbert BULLOCK,Gilbert,,BULLOCK,M,,UMP7E,Eleanor,KJDCM,Robert BULLOCK,XHUK8,Margaret NORRIS,,1534,,,,,,,,,,,,,,,,Arborfield, Berks, Eng,,,,,,,,,,,
O5IEF,Gilbert MALTHUS,Gilbert,,MALTHUS,M,Y,XCIH4,Margaret BULLOCK,SDTJX,John MALTHOUSE,,,,,,,,,,,,,,,,,,,,,,,1625,9,29,,,,,,
NI8H8,Giles BRYDGES,Giles,,BRYDGES,M,,Z0Y08,Miss HUNGERFORD,R8H54,Henry BRUGGE,,,,1502,,,,,,,,,,,,,,,,Of, Newbury, Berkshire, England,,,,,,,,,,,
R05FZ,Giles BRUGGE,Giles,,BRUGGE,M,Y,I9N0K,Florence DARREL,PW9DB,Thomas BRUGGE,,,,1462,,,1511,12,1,,,,,,,,,,,Of, Cubberley, Gloucestershire, England,, Cubberley, Gloucestershire, England,, Cubberley, Gloucestershire, England,,,,,,,,,
Q5YX8,Gregory BULLOCK,Gregory,,BULLOCK,M,,XT9CD,Alice KINGSMILL,HPCOJ,Thomas BULLOCK,,,,1552,,,,,,,,,,,,,,,,Arborfield, Berks, England,,,,,,,,,,,
LY2JS,Gregory Washington,Gregory,,Washington,M,Y,IYUGZ,Margaret BUTLER,KO5T7,Lawrence Washington,,,,,,,1606,1,17,,,,,,,,,,,England,Great Brington,,,,,,,,,,
U80O4,Hannah BALL,Hannah,,BALL,F,,H4Y9S,Hannah ATHEROLD,A8MIA,William BALL,,,,1651,,,,,,,,,,,,,,,,,,,,,,,,,,,
H6976,Hannah BALL,Hannah,,BALL,F,Y,H4Y9S,Hannah ATHEROLD,A8MIA,William BALL,,,,1650,3,12,1694,,,,,,,,,,,,,, , England,VA,,,,,,,,,,
H4Y9S,Hannah ATHEROLD,Hannah,,ATHEROLD,F,Y,CPKYZ,Mary HARVEY,NSNOY,Thomas ATHEROLD,A8MIA,William BALL,,1619,,,,,,,,,,,,,,,,London, London, England,, Millenbeck, Lancaster, Virginia,, Millenbeck, Lancaster, Virginia,,,,,,,,,
P34BY,Henry DICKENS,Henry,,DICKENS,M,Y,,,,,OF1M3,Mrs Henry DICKENS,,1515,,,1542,,,,,,,,,,,,,Of, Great Creaton, Northants, England,,,1542,,,,,,,,
JBRW5,Henry WARDE,Henry,,WARDE,M,,,,,,IKDQF,Anne BISHOP,,1484,,,,,,,,,,,,,,,,Pillerton, Warwick, , Eng,,,,,,,,,,,
YIYIB,Henry GASCOIGNE,Henry,,GASCOIGNE,M,Y,E2S4T,Joan (Jane) WYMAN,P6L32,William GASCOIGNE,,,,1415,,,1457,8,25,,,,,,,,,,,Of, Micklefield, Yorkshire, England,,,,,,,,,,,
HEQ2C,Henry PERCY,Henry,,PERCY,M,Y,ZIDBQ,Eleanor NEVILLE,IXN68,Henry De PERCY,E1XDY,Eleanor POYNINGS,,1421,7,25,1461,3,29,,,,,,,,,,,, Leckonfield, Yorkshire, England,Battle Of, Towtown, Yorkshire, England,St Denys Church, York, Yorkshire, England,,,,,,,,,
QI3WV,Henry PERCY,Henry,,PERCY,M,Y,E1XDY,Eleanor POYNINGS,HEQ2C,Henry PERCY,,,,1449,,,1489,4,28,,,,,,,,,,,Of, Leconfield, Yorkshire, England,Manor, Cocks Lodge Near, Topcliffe, Yorkshire, England,Beverly Minister, Beverly, Yorkshire, England,,,,,,,,,
GDKI5,Henry THORNTON,Henry,,THORNTON,M,Y,BTCZB,Lettuce NEWENHAM,GYYPW,John THORNTON,TR448,Anne WILMER,,1530,,,1556,,,,,,,,,,,,,Of, Great Creaton, Northants, England,,,1556,,,,,,,,
PG16Z,Henry READE,Henry,,READE,M,Y,SE1SR,Alice COOKE,B2BQ7,Andrew READE,N670A,Anne WINDEBANK,,1566,,,1647,,,,,,,,,,,,,,, Faccombe, , England,,,,,,,,,,
R8H54,Henry BRUGGE,Henry,,BRUGGE,M,,I9N0K,Florence DARREL,PW9DB,Thomas BRUGGE,Z0Y08,Miss HUNGERFORD,,1464,,,,,,,,,,,,,,,,Of, Cubberley, Gloucestershire, England,,,,,,,,,,,
AB64A,Henry Hotspur De PERCY,Henry Hotspur De,,PERCY,M,Y,,,,,DIR16,Elizabeth MORTIMER,,1364,5,20,1403,7,21,,,,,,,,,,,, Alnwick, Northumberland, England,, Shrewsbury, Shropshire, England,,,,,,,,,,
IXN68,Henry De PERCY,Henry De,,PERCY,M,Y,DIR16,Elizabeth MORTIMER,AB64A,Henry Hotspur De PERCY,ZIDBQ,Eleanor NEVILLE,,1392,2,3,1455,5,22,,,,,,,,,,,, Alnwick, Northumberland, England,Battle Of, St Albans, Kent, England,Abbey Church, St Albans, Kent, England,,,,,,,,,
ERL7M,Henry De NEVILLE,Henry De,,NEVILLE,M,Y,V9R7M,Joan De BEAUFORT,SSJHN,Ralph De NEVILLE,,,,1402,,,,,,,,,,,,,,,,Of, Raby, Durham, England,Died Young,,,,,,,,,,
ZU77W,Humphrey GASCOIGNE,Humphrey,,GASCOIGNE,M,,OJS7Z,Joan NEVILLE,LISOO,William GASCOIGNE,,,,1447,,,,,,,,,,,,,,,,Of, Newton Kyme, , England,,,,,,,,,,,
N7VZS,Isabella WARNER,Isabella,,WARNER,F,Y,BKVUA,Mary TOWNELEY,G65NZ,Augustine WARNER,,,,1640,8,24,1703,2,9,,,,,,,,,,,Gloucesterco, VA,Gloucesterco, VA,,,,,,,,,,
IWYPT,James BALL,James,,BALL,M,Y,BVLUB,Mary Montague,AH1JY,Joseph BALL,,,,1718,12,31,1753,,,,,,,,,,,,,VA,VA,,,,,,,,,,
PMICI,Jane GIFFARD,Jane,,GIFFARD,F,,X9I61,Eleanor PAULET,ETQ5P,William GIFFORD,,,,1508,,,,,,,,,,,,,,,,Of, Itchell, Hampshire, England,,,,,,,,,,,
KKF3K,Jane BULLOCK,Jane,,BULLOCK,F,,XT9CD,Alice KINGSMILL,HPCOJ,Thomas BULLOCK,,,,1563,,,,,,,,,,,,,,,,Arborfield, Berks, England,,,,,,,,,,,
YADQ7,Jane Washington,Jane,,Washington,F,,RRB6V,Margaret KITSON,NAT7F,John Washington,,,,1515,,,,,,,,,,,,,,,,Warton, Lancashire, England,,,,,,,,,,,
G8ER6,Jane THOMPSON,Jane,,THOMPSON,F,,PAUFY,Mrs George THOMPSON,T53XU,George THOMPSON,QW82P,Thomas GREEKE,,1524,,,,,,,,,,,,,,,,Palstarr, , Lancaster, England,,,,,,,,,,,
MU8B4,Jane GIFFARD,Jane,,GIFFARD,F,,GG1NI,Joan (Johan) BRYDGES,KP61S,John (Henry) GIFFORD,VG3X0,John KINGSMILL,,1524,,,,,,,,,,,,,,,,Of, Itchell, Hampshire, England,,,,,,,,,,,
YDY2R,Jane Berkeley,Jane,,Berkeley,F,Y,,,,,S2U2K,Nicholas Martiau,,1593,,,1624,,,,,,,,,,,,,, , , Eng,Elizabeth City, VA,,,,,,,,,,
FFL30,Jane Washington,Jane,,Washington,F,,IYUGZ,Margaret BUTLER,KO5T7,Lawrence Washington,,,,1598,,,,,,,,,,,,,,,,Brington, Northants, Eng,,,,,,,,,,,
D5PD9,Jane (Joan) BRUGGE,Jane (Joan),,BRUGGE,F,Y,I9N0K,Florence DARREL,PW9DB,Thomas BRUGGE,,,,1469,,,,,,,,,,,,,,,,Of, Coberley, Gloucestershire, England,Unmarried,,,,,,,,,,
PCKYH,Jane (Joan) GASCON,Jane (Joan),,GASCON,F,Y,ZDKAY,Margaret CLARELL,VQ6O9,William GASCOIGNE,,,,1428,,,1462,9,17,,,,,,,,,,,Of, Gawthorpe, Yorkshire, England,,Chapel, Haselwood, Yorkshire, England,,,,,,,,,
OQZF5,Jeduthun BALL,Jeduthun,,BALL,M,Y,BVLUB,Mary Montague,AH1JY,Joseph BALL,,,,1725,7,4,1748,3,5,,,,,,,,,,,VA,VA,,,,,,,,,,
S7CKQ,Jennet HALSTEAD,Jennet,,HALSTEAD,F,Y,KQLJK,Mrs John HALSTEAD,X12VG,John HALSTEAD,OVA3J,Lawrence TOWNELEY,,1594,,,1623,,,,,,,,,,,,,Of, Windlehouse, Lancaster, England,,,1623,8,12,,,,,,
EIKR2,Jesse BALL,Jesse,,BALL,M,Y,BVLUB,Mary Montague,AH1JY,Joseph BALL,,,,1716,6,27,1747,8,14,,,,,,,,,,,VA,VA,,,,,,,,,,
QCYJP,Joan PERCY,Joan,,PERCY,F,Y,ZIDBQ,Eleanor NEVILLE,IXN68,Henry De PERCY,,,,1415,,,,,,,,,,,,,,,,Of, Warkworth, Yorkshire, England,,Whitbye, , , England,,,,,,,,,
JDCRO,Joan Washington,Joan,,Washington,F,,IYUGZ,Margaret BUTLER,KO5T7,Lawrence Washington,,,,1611,,,,,,,,,,,,,,,,Brington, Northants, Eng,,,,,,,,,,,
RYP8G,Joan GASCOIGNE,Joan,,GASCOIGNE,F,,MJDPJ,Margaret PERCY,E5KXQ,William GASCOIGNE,,,,1481,,,,,,,,,,,,,,,,Of, Gawthorpe, York, England,,,,,,,,,,,
D0GUX,Joan,Joan,,,F,Y,,,,,D2D43,William Montague,,1489,,,,,,,,,,,,,,,,, , Eng,Boveney, Bucks, Eng,,,,,,,,,,
DGOBB,Joan NEVILLE,Joan,,NEVILLE,F,,V9R7M,Joan De BEAUFORT,SSJHN,Ralph De NEVILLE,,,,1398,,,,,,,,,,,,,,,,Of, Raby, Durham, England,,,,,,,,,,,
OJS7Z,Joan NEVILLE,Joan,,NEVILLE,F,,QQE7E,Elizabeth NEWMARCH,YIA5B,John NEVILLE,LISOO,William GASCOIGNE,,1443,,,,,,,,,,,,,,,,Of, Oversley, , England,,,,,,,,,,,
E2S4T,Joan (Jane) WYMAN,Joan (Jane),,WYMAN,F,,,,,,P6L32,William GASCOIGNE,,1370,,,,,,,,,,,,,,,,Of, , Yorkshire, England,,,,,,,,,,,
GG1NI,Joan (Johan) BRYDGES,Joan (Johan),,BRYDGES,F,,Z0Y08,Miss HUNGERFORD,R8H54,Henry BRUGGE,KP61S,John (Henry) GIFFORD,,1503,,,,,,,,,,,,,,,,Of, Newbury, Berkshire, England,,,,,,,,,,,
V9R7M,Joan De BEAUFORT,Joan De,,BEAUFORT,F,Y,,,,,SSJHN,Ralph De NEVILLE,,1375,,,1440,11,13,,,,,,,,,,,Chateau De Beaufort, Meuse-et-Loire, France,, Howden, Yorkshire, England,Lincoln Catheral, Lincoln, Lincolnshire, England,,,,,,,,,
JYDLJ,Johanne LIGHT,Johanne,,LIGHT,F,,H0E2F,Elizabeth WARDE,INAGP,Christopher LIGHT,,,,1530,,,,,,,,,,,,,,,,Horley, Warwick, , Eng,,,,,,,,,,,
XDZWM,John PAULET,John,,PAULET,M,Y,,,,,LQROM,Alice PAULET,,1452,,,1524,1,5,,,,,,,,,,,Of Basing, Hampshire, England,Of Basing, Hampshire, England,,,,,,,,,,
X70TS,John BALL,John,,BALL,M,Y,S5ZW9,Alice WALTHAM,WBL22,William BALL,,,,,,,1655,11,1,,,,,,,,,,,Wiltshire, , Eng,Watertown, , Ma?,,1655,11,1,,,,,,
KE6BP,John MALTHUS,John,,MALTHUS,M,,XCIH4,Margaret BULLOCK,SDTJX,John MALTHOUSE,,,,,,,,,,,,,,,,,,,,,,,,,,,,,,,
SDTJX,John MALTHOUSE,John,,MALTHOUSE,M,Y,IYFKJ,Anne,MXZ8H,John MALTHUS,XCIH4,Margaret BULLOCK,,1532,,,,,,,,,,,,,,,,Binfield, Berkshire, Eng,Binfield, Berks, Eng,,,,,,,,,,
GOP1V,John Washington,John,,Washington,M,Y,NB96M,Amphyllis TWIGDEN,GTB9E,Lawrence Washington,D74PP,Anne POPE,,1630,,,1677,,,,,,,,,,,,,Sulgrave Manor, England,, Stafford Co., Va.,,,,,,,,,,
X1O9F,John BULLOCK,John,,BULLOCK,M,,XT9CD,Alice KINGSMILL,HPCOJ,Thomas BULLOCK,,,,1548,,,,,,,,,,,,,,,,Arborfield, Berks, England,,,,,,,,,,,
GYYPW,John THORNTON,John,,THORNTON,M,,,,,,BTCZB,Lettuce NEWENHAM,,1510,,,,,,,,,,,,,,,,Of, Great Creaton, Northants, England,,,,,,,,,,,
I3C6Y,John POPE,John,,POPE,M,,WAE32,Lucy,Q2SVZ,Nathaniel POPE,,,,1644,,,,,,,,,,,,,,,,,,,,,,,,,,,
DDFOU,John Washington,John,,Washington,M,Y,IYUGZ,Margaret BUTLER,KO5T7,Lawrence Washington,,,,1589,,,1688,5,18,,,,,,,,,,,Thrapston, Northants, Eng,,,,,,,,,,,
NXRFV,John GIFFARD,John,,GIFFARD,M,,,,,,AIVOJ,John Mrs GIFFORD,,1456,,,,,,,,,,,,,,,,Of, Itchell, Southampton, England,,,,,,,,,,,
G1EIW,John PERCY,John,,PERCY,M,Y,ZIDBQ,Eleanor NEVILLE,IXN68,Henry De PERCY,,,,1420,,,,,,,,,,,,,,,,Of, Leckonfield, Yorkshire, England,Sp Prob Infant, , , England,,,,,,,,,,
FDTOT,John HARTLEY,John,,HARTLEY,M,,,,,,FYWS7,Mrs John HARTLEY,,1554,,,,,,,,,,,,,,,,Of, Stonehedge, Lancaster, England,,,,,,,,,,,
YIA5B,John NEVILLE,John,,NEVILLE,M,Y,QBS5U,Mary De FERRERS,P4J48,Ralph De NEVILLE,QQE7E,Elizabeth NEWMARCH,,1416,,,1482,,,,,,,,,,,,,Of, Oversley, Warwickshire, England,Spm,,,,,,,,,,
YVX36,John PERCY,John,,PERCY,M,Y,ZIDBQ,Eleanor NEVILLE,IXN68,Henry De PERCY,,,,1418,7,8,,,,,,,,,,,,,,, Warkworth, Yorkshire, England,Infant, , , England,,,,,,,,,,
TF45C,John ALLEN,John,,ALLEN,M,,,,,,,,,1520,,,,,,,,,,,,,,,,Of Dorney, Bucks, Eng,,,,,,,,,,,
NAT7F,John Washington,John,,Washington,M,Y,DOJGG,Elizabeth WESTFIELD,C2N4C,Robert Washington,RRB6V,Margaret KITSON,,1465,,,1528,,,,,,,,,,,,,Tewhitefield, Lancashire, England,,,,,,,,,,,
YSSGA,John GIFFARD,John,,GIFFARD,M,,AIVOJ,John Mrs GIFFORD,NXRFV,John GIFFARD,,,,1484,,,,,,,,,,,,,,,,Of, Itchell, Southampton, England,,,,,,,,,,,
JDAL9,John DICKENS,John,,DICKENS,M,Y,OF1M3,Mrs Henry DICKENS,P34BY,Henry DICKENS,O4HPY,Mrs John DICKENS,,1535,,,1601,,,,,,,,,,,,,Of, Great Creaton, Northants, England,,,1601,,,,,,,,
SXYUL,John Washington,John,,Washington,M,,B094D,Amy PARGITER,FKFO4,Lawrence Washington,,,,1548,,,,,,,,,,,,,,,,Greys Inn, Middlesex, England,,,,,,,,,,,
ZQRI4,John GASCOIGNE,John,,GASCOIGNE,M,,OJS7Z,Joan NEVILLE,LISOO,William GASCOIGNE,,,,1449,,,,,,,,,,,,,,,,Of, Burghwallis, , England,,,,,,,,,,,
X12VG,John HALSTEAD,John,,HALSTEAD,M,,,,,,KQLJK,Mrs John HALSTEAD,,1574,,,,,,,,,,,,,,,,Of, Windlehouse, Lancaster, England,,,,,,,,,,,
PZQPS,John BALL,John,,BALL,M,Y,RGP5Z,Unknown,JAUXB,William BALL,CNANB,Agnes HATHOWAY,,1525,,,1599,,,,,,,,,,,,,Workingham, Berkshire, , Eng,Wokingham, Berkshire, England,,,,,,,,,,
XO73W,John GASCOIGNE,John,,GASCOIGNE,M,,ZDKAY,Margaret CLARELL,VQ6O9,William GASCOIGNE,,,,1428,,,,,,,,,,,,,,,,Of, Gawthorpe, Yorkshire, England,,,,,,,,,,,
CNW4X,John HUNGERFORD,John,,HUNGERFORD,M,,,,,,,,,1421,,,,,,,,,,,,,,,,Of, Newbury, Berkshire, England,,,,,,,,,,,
DEW44,John Washington,John,,Washington,M,Y,QQY6B,Mildred WARNER,IB2NR,Lawrence Washington,,,,1692,,,,,,,,,,,,,,,,Bridges Creek, King George, VA,, , VA,,,,,,,,,,
MXZ8H,John MALTHUS,John,,MALTHUS,M,Y,,,,,IYFKJ,Anne,,1494,,,1558,11,18,,,,,,,,,,,Of Binfield, Berks, Eng,Binfield, Berks, Eng,,,,,,,,,,
X70IX,John KINGSMILL,John,,KINGSMILL,F,Y,MU8B4,Jane GIFFARD,VG3X0,John KINGSMILL,,,,1515,,,1557,,,,,,,,,,,,,Sidmanton, Hants, Eng,,,,,,,,,,,
QI8BB,John Washington,John,,Washington,M,,START,WIFE,PP7FC,Robert Washington,,,,1430,,,,,,,,,,,,,,,,Warton, Lancs, Eng,,,,,,,,,,,
D6D6J,John BALL,John,,BALL,M,Y,BVLUB,Mary Montague,AH1JY,Joseph BALL,,,,,,,1722,,,,,,,,,,,,,, , Stafford, Virginia,, , Stafford, Virginia,,,,,,,,,,
Z4C75,John WESTFIELD,John,,WESTFIELD,M,,,,,,X43WC,Mrs-John WESTFIELD,,1418,,,,,,,,,,,,,,,,Of, Overton, Lancashire, England,,,,,,,,,,,
CFUTD,John GIFFARD,John,,GIFFARD,M,Y,GG1NI,Joan (Johan) BRYDGES,KP61S,John (Henry) GIFFORD,,,,1522,,,1563,5,1,,,,,,,,,,,Of, Itchell, Hampshire, England,,,,,,,,,,,
MIPHN,John Washington,John,,Washington,M,Y,D74PP,Anne POPE,GOP1V,John Washington,,,,1661,,,1698,2,23,,,,,,,,,,,, Westmoreland, VA,Will Proved,,,,,,,,,,
VG3X0,John KINGSMILL,John,,KINGSMILL,M,Y,KAH3L,Alice,T73UT,Richard KINGSMILL,MU8B4,Jane GIFFARD,,1460,,,1509,,,,,,,,,,,,,Of, Basingstoke, Berkshire, England,,,,,,,,,,,
LFOE7,John BALL,John,,BALL,M,Y,CNANB,Agnes HATHOWAY,PZQPS,John BALL,XKI5L,Elizabeth WEBB,,1548,5,5,1628,,,,,,,,,,,,,Wokingham, Berkshsire, England,,,1628,,,,,,,,
PNVM0,John DE Washington,John,,DE Washington,M,Y,AKNJN,,L4LZA,John DE Washington,,,,1385,,,1423,,,,,,,,,,,,,Of Warton, Lancashire, , England,,,,,,,,,,,
L4LZA,John DE Washington,John,,DE Washington,M,Y,,,,,,,AKNJN,1359,,,1407,,,,,,,,,,,,,Of Tewitfield,,,,,,,,,,,
RUBZI,John GASCOIGNE,John,,GASCOIGNE,M,,MJDPJ,Margaret PERCY,E5KXQ,William GASCOIGNE,,,,1468,,,,,,,,,,,,,,,,Of, Fryston, York, England,,,,,,,,,,,
NQ424,John TWIGDEN,John,,TWIGDEN,M,Y,QX0NL,Amphyllis WATTS,ISOQD,Thomas TWIGDEN,GISBR,Anne DICKENS,,1579,,,1610,,,,,,,,,,,,,Of, Little Creston, Northants, England,Little Creaton, Northamptonshire, England,,1610,,,,,,,,
CACMR,John Montague,John,,Montague,M,Y,FU0VQ,Mary DOODES,P3JQH,Peter Montague,,,,1682,5,21,1733,3,6,,,,,,,,,,,, Middlesex, VA,, Essex, VA,,,,,,,,,,
U385T,John BUTLER,John,,BUTLER,M,Y,CPWS1,Mrs Ralph BUTLER,I5G8N,Ralph BUTLER,NI53C,Margaret Dudley SUTTON,,1520,,,1558,,,,,,,,,,,,,Tyes Hall, Cuckfield, Sussex, England,,,1558,,,,,,,,
KP61S,John (Henry) GIFFORD,John (Henry),,GIFFORD,M,,X9I61,Eleanor PAULET,ETQ5P,William GIFFORD,GG1NI,Joan (Johan) BRYDGES,,1502,,,,,,,,,,,,,,,,Of, Itchell, Hampshire, England,,,,,,,,,,,
XEVWB,John Augustine Washington,John Augustine,,Washington,M,Y,P9BQ4,Mary BALL,EHDG4,Augustine Washington,,,,1736,1,13,1787,2,17,,,,,,,,,,,Wakefield, Westmoreland, Virginia,,,,,,,,,,,
C9NAM,John De Berkeley,John De,,Berkeley,M,Y,,,,,DJIRN,Elizabeth BETTESHORNE,,1351,1,21,1428,,,,,,,,,,,,,Wotton, Gloucestershire, England,Of, Beverstone, Gloucestershire, England,,,,,,,,,,
B37M0,John De NEVILLE,John De,,NEVILLE,M,Y,V9R7M,Joan De BEAUFORT,SSJHN,Ralph De NEVILLE,,,,1413,,,,,,,,,,,,,,,,Of, Raby, Durham, England,Died Young,,,,,,,,,,
AIVOJ,John Mrs GIFFORD,John Mrs,,GIFFORD,F,,,,,,NXRFV,John GIFFARD,,1460,,,,,,,,,,,,,,,,,,,,,,,,,,,
NV2JT,Joseph BALL,Joseph,,BALL,M,,H4Y9S,Hannah ATHEROLD,A8MIA,William BALL,,,,1650,3,12,,,,,,,,,,,,,,,,,,,,,,,,,
AH1JY,Joseph BALL,Joseph,,BALL,M,Y,H4Y9S,Hannah ATHEROLD,A8MIA,William BALL,BVLUB,Mary Montague,,1649,5,25,1711,7,11,,,,,,,,,,,Millenkick, Lancaster, Virginia,Oakley, Lancaster, Virginia,,,,,,,,,,
MIECN,Juliana SPENCER,Juliana,,SPENCER,F,,,,,,VP6XD,William WILMER,,1510,,,,,,,,,,,,,,,,Of, Great Creaton, Northants, England,,,,,,,,,,,
LSHB7,Katherine PAULET,Katherine,,PAULET,F,Y,LQROM,Alice PAULET,XDZWM,John PAULET,,,,1488,,,1510,5,26,,,,,,,,,,,Basing, Hampshire, Eng,,,,,,,,,,,
R4JPI,Katherine Montague,Katherine,,Montague,F,Y,FU0VQ,Mary DOODES,P3JQH,Peter Montague,,,,1678,,,1743,4,12,,,,,,,,,,,, King George Co., VA,,,,,,,,,,,
FTHSJ,Katherine GASCOIGNE,Katherine,,GASCOIGNE,F,,E2S4T,Joan (Jane) WYMAN,P6L32,William GASCOIGNE,,,,1407,,,,,,,,,,,,,,,,Of, Harewood, Yorkshire, England,,,,,,,,,,,
OVA3J,Lawrence TOWNELEY,Lawrence,,TOWNELEY,M,Y,SDBUN,Mary HARTLEY,P0LZL,Lawrence TOWNELEY,S7CKQ,Jennet HALSTEAD,,1594,,,1655,,,,,,,,,,,,,Stonehedge, , , England,Colne, Lancashire, England,,,,,,,,,,
FKFO4,Lawrence Washington,Lawrence,,Washington,M,Y,RRB6V,Margaret KITSON,NAT7F,John Washington,B094D,Amy PARGITER,,1500,,,1583,2,19,,,,,,,,,,,Tewhitefield, Lancashire, England,Sulgrave Manor, Northamps, Eng,Sulgrave Manor, Sulgrave, Northampton, England,1583,2,19,,,,,,
IB2NR,Lawrence Washington,Lawrence,,Washington,M,Y,D74PP,Anne POPE,GOP1V,John Washington,QQY6B,Mildred WARNER,,1659,9,,1699,3,30,,,,,,,,,,,Bridge Creek, Westmoreland, Virginia,Bridge Creek, Westmorland, Virginia,,,,,,,,,,
P0LZL,Lawrence TOWNELEY,Lawrence,,TOWNELEY,M,,,,,,SDBUN,Mary HARTLEY,,1543,,,,,,,,,,,,,,,,Of, Barnside, Lancaster, England,,,,,,,,,,,
KO5T7,Lawrence Washington,Lawrence,,Washington,M,Y,CTPRK,Elizabeth LIGHT,AOOBM,Robert Washington,IYUGZ,Margaret BUTLER,,1566,,,1616,12,15,,,,,,,,,,,Sulgrave, Northampton, Eng,Brington, Northamptonshire, England,Greatbrighton Ch, Brington, Northants, England,1616,12,15,,,,,,
GTB9E,Lawrence Washington,Lawrence,,Washington,M,Y,IYUGZ,Margaret BUTLER,KO5T7,Lawrence Washington,NB96M,Amphyllis TWIGDEN,,1602,,,1652,1,,,,,,,,,,,,Sulgrave, Northamptonshire, England,,Maldon, Essex, , England,1653,1,21,,,,,,
FQRKQ,Lawrence Washington,Lawrence,,Washington,M,Y,NB96M,Amphyllis TWIGDEN,GTB9E,Lawrence Washington,,,,1635,,,1657,,,,,,,,,,,,,England,Virginia,,,,,,,,,,
O1BYF,Lawrence Montague,Lawrence,,Montague,M,,ZTWL6,Margaret COTTON,QUGTA,Robert Montague,,,,1546,,,,,,,,,,,,,,,,Dorney, Bucks, England,,,,,,,,,,,
F4DQT,Lawrence Washington,Lawrence,,Washington,M,,B094D,Amy PARGITER,FKFO4,Lawrence Washington,,,,1579,5,19,,,,,,,,,,,,,,Grays Inn London, , Eng,,,,,,,,,,,
YZDY9,Lawrence Montague,Lawrence,,Montague,M,,ZTWL6,Margaret COTTON,QUGTA,Robert Montague,,,,1541,,,,,,,,,,,,,,,,Of Boveney, Bckngh, England,,,,,,,,,,,
WQ876,Leonard Washington,Leonard,,Washington,M,,RRB6V,Margaret KITSON,NAT7F,John Washington,,,,1505,,,,,,,,,,,,,,,,Warton, Lancashire, England,,,,,,,,,,,
BTCZB,Lettuce NEWENHAM,Lettuce,,NEWENHAM,F,,,,,,GYYPW,John THORNTON,,1510,,,,,,,,,,,,,,,,Of, Great Creaton, Northants, England,,,,,,,,,,,
WAE32,Lucy,Lucy,,,F,Y,,,,,Q2SVZ,Nathaniel POPE,,1611,,,,,,,,,,,,,,,,, Of Gloucester, England,, Westmoreland, VA,, Westmoreland, VA,,,,,,,,,
N8YZM,Lucy Washington,Lucy,,Washington,F,,IYUGZ,Margaret BUTLER,KO5T7,Lawrence Washington,,,,1596,,,,,,,,,,,,,,,,Brington, Northants, Eng,,,,,,,,,,,
C3UT6,Maindort DOODES,Maindort,,DOODES,M,Y,,,,,OAMS4,Mary GERET,,1617,,,1676,,,,,,,,,,,,,, , , Holland,, Middlesex, VA,,,,,,,,,,
MJDPJ,Margaret PERCY,Margaret,,PERCY,F,,E1XDY,Eleanor POYNINGS,HEQ2C,Henry PERCY,E5KXQ,William GASCOIGNE,,1447,,,,,,,,,,,,,,,,Of, , Yorkshire, England,,,,,,,,,,,
II5LV,Margaret GASCOIGNE,Margaret,,GASCOIGNE,F,,ZDKAY,Margaret CLARELL,VQ6O9,William GASCOIGNE,,,,1438,,,,,,,,,,,,,,,,Of, Gawthorpe, Yorkshire, England,,,,,,,,,,,
XHUK8,Margaret NORRIS,Margaret,,NORRIS,F,,,,T76JV,William NORRIS,JI3UX,Gilbert BULLOCK,,1458,,,,,,,,,,,,,,,,Bray, Berks, Eng,,,,,,,,,,,
E49JL,Margaret GASCOIGNE,Margaret,,GASCOIGNE,F,Y,MJDPJ,Margaret PERCY,E5KXQ,William GASCOIGNE,,,,1473,,,,,,,,,,,,,,,,Of, Gawthorpe, York, England,,,,,,,,,,,
AHYCE,Margaret GASCOIGNE,Margaret,,GASCOIGNE,F,,OJS7Z,Joan NEVILLE,LISOO,William GASCOIGNE,,,,1453,,,,,,,,,,,,,,,,Of, Gawthorpe, Yorkshire, England,,,,,,,,,,,
ZDKAY,Margaret CLARELL,Margaret,,CLARELL,F,,KQVYD,Mrs-Thomas CLARELL,MO49I,Thomas CLARELL,VQ6O9,William GASCOIGNE,,1435,,,,,,,,,,,,,,,,Of, Aldwark, Yorkshire, England,,,,,,,,,,,
ZTWL6,Margaret COTTON,Margaret,,COTTON,F,,VPYGO,Mrs Roger COTTON,SO4AN,Roger COTTON,QUGTA,Robert Montague,,1528,,,,,,,,,,,,,,,,Wardville, Berkshire, Eng,,,,,,,,,,,
RRB6V,Margaret KITSON,Margaret,,KITSON,F,,KFSUG,Mrs Robert KITSON,RIF4B,Robert KITSON,NAT7F,John Washington,,1482,,,,,,,,,,,,,,,,, Wharton, Lancashire, England,,,,,,,,,,,
FDCH7,Margaret Washington,Margaret,,Washington,F,,B094D,Amy PARGITER,FKFO4,Lawrence Washington,,,,1557,,,,,,,,,,,,,,,,,,,,,,,,,,,
JUHUM,Margaret POPE,Margaret,,POPE,F,,WAE32,Lucy,Q2SVZ,Nathaniel POPE,,,,1642,,,,,,,,,,,,,,,,,,,,,,,,,,,
WDHWA,Margaret MALTHOUSE,Margaret,,MALTHOUSE,F,,XCIH4,Margaret BULLOCK,SDTJX,John MALTHOUSE,TSNTB,William Montague,,1558,,,,,,,,,,,,,,,,Binfield, , Berks., Eng,,,,,,,,,,,
XCIH4,Margaret BULLOCK,Margaret,,BULLOCK,F,Y,XT9CD,Alice KINGSMILL,HPCOJ,Thomas BULLOCK,SDTJX,John MALTHOUSE,,1534,,,,,,,,,,,,,,,,Of Aberfelde, Berks, Eng,Binfield, Berks, Eng,,,,,,,,,,
UQ4JL,Margaret DYMOKE,Margaret,,DYMOKE,F,Y,HVXNC,Anne TALBOIS,Y1FO2,Edward DYMOKE,,,,1529,,,,,,,,,,,,,,,,Scrivelsby, Lincoln, England,,, Ingleby Greenhow, Yorkshire, England,1591,9,15,,,,,,
ECW8E,Margaret Montague,Margaret,,Montague,F,,CYJHJ,Eleanor ALLEN,FVSPQ,Peter Of Boveney Montague,,,,1622,,,,,,,,,,,,,,,,Burnham, Boveney, Bucks, England,,,,,,,,,,,
HMD97,Margaret Washington,Margaret,,Washington,F,,B094D,Amy PARGITER,FKFO4,Lawrence Washington,,,,1563,,,,,,,,,,,,,,,,,,,,,,,,,,,
X6PYD,Margaret POPE,Margaret,,POPE,F,Y,WAE32,Lucy,Q2SVZ,Nathaniel POPE,,,,1633,,,1669,,,,,,,,,,,,,Bristol, Gloucestershire, Eng,,,,,,,,,,,
BMKOO,Margaret Washington,Margaret,,Washington,F,,IYUGZ,Margaret BUTLER,KO5T7,Lawrence Washington,,,,1604,,,,,,,,,,,,,,,,Brington, Northants, Eng,,,,,,,,,,,
WGJ89,Margaret DYMOKE,Margaret,,DYMOKE,F,,XNP6T,Anne SPARROW,E7ZBB,Robert DYMOKE,,,,1500,,,,,,,,,,,,,,,,Of, Scriveslby, Lincolnshire, England,,,,,,,,,,,
EM17J,Margaret READE,Margaret,,READE,F,,RRL4Z,Elizabeth Martiau (MARTAIN),ER9IN,George READE,,,,1654,,,,,,,,,,,,,,,,York Co, , VA,,,,,,,,,,,
DV0H8,Margaret Washington,Margaret,,Washington,F,,NB96M,Amphyllis TWIGDEN,GTB9E,Lawrence Washington,,,,1627,,,,,,,,,,,,,,,,England,,,,,,,,,,,
T0ID3,Margaret,Margaret,,,F,Y,G8ER6,Jane THOMPSON,QW82P,Thomas GREEKE,LY1AP,William BUTLER,,1544,,,1580,,,,,,,,,,,,,Palstarr, , Lancaster, England,,,1580,,,,,,,,
DW5BU,Margaret Montague,Margaret,,Montague,F,,CP67B,Cicely MATTHEW,L4FTA,Peter Montague,,,,1640,,,,,,,,,,,,,,,,, Nansemond, VA,,,,,,,,,,,
VZBN2,Margaret Montague,Margaret,,Montague,F,,CP67B,Cicely MATTHEW,L4FTA,Peter Montague,,,,1672,,,,,,,,,,,,,,,,,,,,,,,,,,,
IYUGZ,Margaret BUTLER,Margaret,,BUTLER,F,Y,T0ID3,Margaret,LY1AP,William BUTLER,KO5T7,Lawrence Washington,,1568,,,1622,3,16,,,,,,,,,,,Tighes, Surrey, Eng,,, East Haddon,1622,3,,,,,,,
NI53C,Margaret Dudley SUTTON,Margaret Dudley,,SUTTON,F,Y,,,,,U385T,John BUTLER,,1520,,,1563,,,,,,,,,,,,,Tyes Hall, Cuckfield, Sussex, England,,,1563,,,,,,,,
G6AM5,Margaret Verch GRIFFITH,Margaret Verch,,GRIFFITH,F,,,,,,KA3VX,Richard WINDIBANK,,1534,,,,,,,,,,,,,,,,,,,,,,,,,,,
NP1W1,Margery BULLOCK,Margery,,BULLOCK,F,,XT9CD,Alice KINGSMILL,HPCOJ,Thomas BULLOCK,,,,1560,,,,,,,,,,,,,,,,Arborfield, Berks, England,,,,,,,,,,,
UUK10,Margery DYMOKE,Margery,,DYMOKE,F,,HVXNC,Anne TALBOIS,Y1FO2,Edward DYMOKE,,,,1589,,,,,,,,,,,,,,,,,,,,,,,,,,,
GK6S0,Martha Washington,Martha,,Washington,F,,NB96M,Amphyllis TWIGDEN,GTB9E,Lawrence Washington,,,,1627,,,,,,,,,,,,,,,,England,,,,,,,,,,,
V6E3J,Martha BALL,Martha,,BALL,F,,CNANB,Agnes HATHOWAY,PZQPS,John BALL,,,,,,,,,,,,,,,,,,,,,,,,,,,,,,,
PU0JQ,Martha BALL,Martha,,BALL,F,,BVLUB,Mary Montague,AH1JY,Joseph BALL,,,,1675,,,,,,,,,,,,,,,,,,,,,,,,,,,
BKVUA,Mary TOWNELEY,Mary,,TOWNELEY,F,Y,S7CKQ,Jennet HALSTEAD,OVA3J,Lawrence TOWNELEY,G65NZ,Augustine WARNER,,1614,5,13,1662,8,11,,,,,,,,,,,Stone Edge, Lancashire, England,Warner Hall, Gloucester, Virginia,Warner Hall, Gloucester, Virginia,,,,,,,,,
PCY0Q,Mary GIFFARD,Mary,,GIFFARD,F,,X9I61,Eleanor PAULET,ETQ5P,William GIFFORD,,,,1505,,,,,,,,,,,,,,,,Of, Itchell, Hampshire, England,,,,,,,,,,,
I4DVI,Mary VESSEY,Mary,,VESSEY,F,,,,,,Z4RMM,Thomas ATHEROLD,,1568,,,,,,,,,,,,,,,,,,,,,,,,,,,
QYZY9,Mary WARNER,Mary,,WARNER,F,Y,YSVNJ,Mildred READE,IG8JG,Augustine WARNER,,,,1671,,,1700,,,,,,,,,,,,,, , VA,,,,,,,,,,,
WE44K,Mary,Mary,,,F,,,,,,EOZPW,William WARNER,,1540,,,,,,,,,,,,,,,,,,,,,,,,,,,
SDBUN,Mary HARTLEY,Mary,,HARTLEY,F,,FYWS7,Mrs John HARTLEY,FDTOT,John HARTLEY,P0LZL,Lawrence TOWNELEY,,1574,,,,,,,,,,,,,,,,Of, Stonehedge, Lancaster, England,,,,,,,,,,,
QLRP6,Mary GIFFARD,Mary,,GIFFARD,F,,GG1NI,Joan (Johan) BRYDGES,KP61S,John (Henry) GIFFORD,,,,1528,,,,,,,,,,,,,,,,Of, Itchell, Hampshire, England,,,,,,,,,,,
VMZE4,Mary Martiau,Mary,,Martiau,F,Y,YDY2R,Jane Berkeley,S2U2K,Nicholas Martiau,,,,1627,,,,,,,,,,,,,,,,, Elizabethcity, VA,, , VA,,,,,,,,,,
P9BQ4,Mary BALL,Mary,,BALL,F,Y,BVLUB,Mary Montague,AH1JY,Joseph BALL,EHDG4,Augustine Washington,,1708,,,1789,8,25,,,,,,,,,,,Of, Epping Forest, Lancaster, Virginia,Mount Vernon, Fairfax, Virginia,Mount Vernon, Fairfax, Virginia,1789,8,,,,,,,
LF227,Mary BALL,Mary,,BALL,F,,XKI5L,Elizabeth WEBB,LFOE7,John BALL,,,,1593,,,,,,,,,,,,,,,,Wokingham, Berkshire, England,,,,,,,,,,,
FSGB7,Mary WARNER,Mary,,WARNER,F,Y,YSVNJ,Mildred READE,IG8JG,Augustine WARNER,,,,1664,,,1700,11,12,,,,,,,,,,,Lancaster Co., VA.,Gloucester Co., VA.,,,,,,,,,,
CPKYZ,Mary HARVEY,Mary,,HARVEY,F,Y,B2S7K,Elizabeth CHURCH,FW0YL,Thomas VESEY,NSNOY,Thomas ATHEROLD,,1595,,,1665,,,,,,,,,,,,,London, London, England,,,,,,,,,,,
X6NBL,Mary Washington,Mary,,Washington,F,Y,B094D,Amy PARGITER,FKFO4,Lawrence Washington,,,,1555,,,1622,,,,,,,,,,,,,Greys Inn, Middlesex, England,,,,,,,,,,,
D98UK,Mary PARGITER,Mary,,PARGITER,F,,BS3Y7,Anne KNIGHT,HFPLB,Robert PARGITER,,,,1500,,,,,,,,,,,,,,,,Greatworth, Northamps, Eng,,,,,,,,,,,
FU0VQ,Mary DOODES,Mary,,DOODES,F,,OAMS4,Mary GERET,C3UT6,Maindort DOODES,P3JQH,Peter Montague,,1642,,,,,,,,,,,,,,,,, , , Holland,,,,,,,,,,,
B4NLQ,Mary MONTEQUE,Mary,,MONTEQUE,F,,FU0VQ,Mary DOODES,P3JQH,Peter Montague,,,,1642,,,,,,,,,,,,,,,,Christchurch, Middlesex, VA.,,,,,,,,,,,
OAMS4,Mary GERET,Mary,,GERET,F,Y,,,,,C3UT6,Maindort DOODES,,1612,,,,,,,,,,,,,,,,, , , Holland,, Middlesex, VA,Christ Church, Middlesex, VA,,,,,,,,,
BVLUB,Mary Montague,Mary,,Montague,F,Y,FU0VQ,Mary DOODES,P3JQH,Peter Montague,AH1JY,Joseph BALL,,1665,,,1743,4,12,,,,,,,,,,,, King George, Virginia,Ferry Far, King George, Virginia,,,,,,,,,,
UEDM0,Mary NEVILLE,Mary,,NEVILLE,F,,QBS5U,Mary De FERRERS,P4J48,Ralph De NEVILLE,,,,1414,,,,,,,,,,,,,,,,Of, Oversley, Warwickshire, England,,,,,,,,,,,
QBS5U,Mary De FERRERS,Mary De,,FERRERS,F,Y,,,,,P4J48,Ralph De NEVILLE,,1394,,,1457,1,25,,,,,,,,,,,Of, Oversley, Warwickshire, England,,,,,,,,,,,
DEBDO,Maude GASCOIGNE,Maude,,GASCOIGNE,F,,MJDPJ,Margaret PERCY,E5KXQ,William GASCOIGNE,,,,1483,,,,,,,,,,,,,,,,Of, Gawthorpe, York, England,,,,,,,,,,,
YZ0I0,Maurice De Berkeley,Maurice De,,Berkeley,M,Y,DJIRN,Elizabeth BETTESHORNE,C9NAM,John De Berkeley,,,,1398,,,1460,,,,,,,,,,,,,Beverstone, Gloucs., , England,,,,,,,,,,,
YSVNJ,Mildred READE,Mildred,,READE,F,Y,RRL4Z,Elizabeth Martiau (MARTAIN),ER9IN,George READE,IG8JG,Augustine WARNER,,1643,10,2,1686,10,20,,,,,,,,,,,, , VA,, Cumberland, VA,Cumberland, VA,1686,10,,,,,,,
IWRQ3,Mildred Washington,Mildred,,Washington,F,Y,P9BQ4,Mary BALL,EHDG4,Augustine Washington,,,,1739,6,21,1740,10,23,,,,,,,,,,,Wakefield, Westmoreland, Virginia,Wakefield, Westmoreland, Virginia,,,,,,,,,,
QQY6B,Mildred WARNER,Mildred,,WARNER,F,Y,YSVNJ,Mildred READE,IG8JG,Augustine WARNER,IB2NR,Lawrence Washington,,1671,,,1700,,,,,,,,,,,,,Offredericksburg, Spotsylvania, VA,Whitehaven, England,Whitehaven, Cumberland, VA,1701,3,26,,,,,,
Q19IN,Mildred Washington,Mildred,,Washington,F,Y,QQY6B,Mildred WARNER,IB2NR,Lawrence Washington,,,,1696,,,1747,9,5,,,,,,,,,,,Offredericksburg, Spotsylvania, VA,, , VA,,,,,,,,,,
O99SJ,Mildred WARNER,Mildred,,WARNER,F,,YSVNJ,Mildred READE,IG8JG,Augustine WARNER,,,,1673,,,,,,,,,,,,,,,,, , VA,,,,,,,,,,,
ULXPQ,Mildred WINDIBANK,Mildred,,WINDIBANK,F,Y,KGCGH,Frances DYMOKE,V5W0O,Thomas WINDIBANK,AOKRO,Robert READE,,1590,,,1656,,,,,,,,,,,,,England,VA,,1630,,,,,,,,
Z0Y08,Miss HUNGERFORD,Miss,,HUNGERFORD,F,,,,CNW4X,John HUNGERFORD,R8H54,Henry BRUGGE,,1468,,,,,,,,,,,,,,,,Of, Newbury, Gloucestershire, England,,,,,,,,,,,
N1JOD,Mr DOODES,Mr,,DOODES,M,Y,OAMS4,Mary GERET,C3UT6,Maindort DOODES,,,,1644,,,,,,,,,,,,,,,,Holland,, Middlesex Co, VA,,,,,,,,,,
PAUFY,Mrs George THOMPSON,Mrs George,,THOMPSON,F,,,,,,T53XU,George THOMPSON,,1504,,,,,,,,,,,,,,,,Of, Palstarr, Lancaster, England,,,,,,,,,,,
OF1M3,Mrs Henry DICKENS,Mrs Henry,,DICKENS,F,,,,,,P34BY,Henry DICKENS,,1515,,,,,,,,,,,,,,,,Of, Great Creaton, Northants, England,,,,,,,,,,,
O4HPY,Mrs John DICKENS,Mrs John,,DICKENS,F,,,,,,JDAL9,John DICKENS,,1535,,,,,,,,,,,,,,,,Of, Great Creaton, Northants, England,,,,,,,,,,,
KQLJK,Mrs John HALSTEAD,Mrs John,,HALSTEAD,F,,,,,,X12VG,John HALSTEAD,,1574,,,,,,,,,,,,,,,,Of, Windlehouse, Lancaster, England,,,,,,,,,,,
FYWS7,Mrs John HARTLEY,Mrs John,,HARTLEY,F,,,,,,FDTOT,John HARTLEY,,1554,,,,,,,,,,,,,,,,Of, Stonehedge, Lancaster, England,,,,,,,,,,,
CPWS1,Mrs Ralph BUTLER,Mrs Ralph,,BUTLER,F,,,,,,I5G8N,Ralph BUTLER,,1500,,,,,,,,,,,,,,,,Tyes Hall, Cuckfield, Sussex, England,,,,,,,,,,,
KFSUG,Mrs Robert KITSON,Mrs Robert,,KITSON,F,,,,,,RIF4B,Robert KITSON,,1460,,,,,,,,,,,,,,,,Of, Warton, Lancashire, England,,,,,,,,,,,
VPYGO,Mrs Roger COTTON,Mrs Roger,,COTTON,F,,,,,,SO4AN,Roger COTTON,,1508,,,,,,,,,,,,,,,,Of, Wardville, Berkshire, England,,,,,,,,,,,
E0GOW,Mrs Thomas WEBB,Mrs Thomas,,WEBB,F,,,,,,WBZWG,Thomas WEBB,,1555,,,,,,,,,,,,,,,,Of, Roscombe, , England,,,,,,,,,,,
C30KH,Mrs William TWIGDEN,Mrs William,,TWIGDEN,F,,,,,,YM8X9,William TWIGDEN,,1520,,,,,,,,,,,,,,,,Of, Little Creston, Northants, England,,,,,,,,,,,
X43WC,Mrs-John WESTFIELD,Mrs-John,,WESTFIELD,F,,,,,,Z4C75,John WESTFIELD,,1403,,,,,,,,,,,,,,,,Of, Warton, Lancashire, England,,,,,,,,,,,
KQVYD,Mrs-Thomas CLARELL,Mrs-Thomas,,CLARELL,F,,,,,,MO49I,Thomas CLARELL,,1416,,,,,,,,,,,,,,,,,,,,,,,,,,,
AR9TD,Nathaniel POPE,Nathaniel,,POPE,M,,WAE32,Lucy,Q2SVZ,Nathaniel POPE,,,,1635,,,,,,,,,,,,,,,,,,,,,,,,,,,
Q2SVZ,Nathaniel POPE,Nathaniel,,POPE,M,Y,,,,,WAE32,Lucy,,1603,,,1660,4,27,,,,,,,,,,,, , England,, Westmoreland, VA,The Cliffs, Westmoreland, VA,1660,4,,,,,,,
ARIPG,Nathaniel POPE,Nathaniel,,POPE,M,,WAE32,Lucy,Q2SVZ,Nathaniel POPE,,,,1642,,,,,,,,,,,,,,,,, St Mary'S, MD,,,,,,,,,,,
ROE3H,Nathaniel POPE,Nathaniel,,POPE,M,Y,WAE32,Lucy,Q2SVZ,Nathaniel POPE,,,,1635,,,1675,,,,,,,,,,,,,, St. Marys Co., MD,, Westmoreland Co., VA,,,,,,,,,,
F2WO5,Nicholas Washington,Nicholas,,Washington,M,,RRB6V,Margaret KITSON,NAT7F,John Washington,,,,1502,,,,,,,,,,,,,,,,Warton, Lancashire, England,,,,,,,,,,,
S2U2K,Nicholas Martiau,Nicholas,,Martiau,M,Y,,,,,YDY2R,Jane Berkeley,,1590,,,1656,,,,,,,,,,,,,Of, , Yorkshire, England,Yorktown, Va, U.S.A.,Yorktown, VA,1657,,,,,,,,
EK8AD,Nicolas Martiau,Nicolas,,Martiau,M,Y,YDY2R,Jane Berkeley,S2U2K,Nicholas Martiau,,,,1623,,,,,,,,,,,,,,,,, York, VA,,,,,,,,,,,
JC6Z1,O'Alice POOLEY,O'Alice,,POOLEY,F,,,,,,MJOLD,Robert READE,,1536,,,,,,,,,,,,,,,,Of, Linkenholt Manor, Hants, England,,,,,,,,,,,
P3JQH,Peter Montague,Peter,,Montague,M,Y,CP67B,Cicely MATTHEW,L4FTA,Peter Montague,FU0VQ,Mary DOODES,,1634,,,1702,1,,,,,,,,,,,,, Nansemond, VA,, Nansemond, VA,,,,,,,,,,
L4FTA,Peter Montague,Peter,,Montague,M,Y,CYJHJ,Eleanor ALLEN,FVSPQ,Peter Of Boveney Montague,CP67B,Cicely MATTHEW,,1603,,,1659,5,1,,,,,,,,,,,Boveney, , , Eng,, , Virginia,Lancaster, VA,1659,5,,,,,,,
OA3DS,Peter Montague,Peter,,Montague,M,Y,CYJHJ,Eleanor ALLEN,FVSPQ,Peter Of Boveney Montague,,,,1618,,,1659,,,,,,,,,,,,,,,,,,,,,,,,
LC2CO,Peter Montague,Peter,,Montague,M,Y,CYJHJ,Eleanor ALLEN,FVSPQ,Peter Of Boveney Montague,,,,1612,,,1658,,,,,,,,,,,,,,,,,,,,,,,,
NVMST,Peter Montague,Peter,,Montague,M,Y,FU0VQ,Mary DOODES,P3JQH,Peter Montague,,,,1666,,,1702,1,,,,,,,,,,,,, Middlesex, VA,, Middlesex, Virginia,,,,,,,,,,
EN1RZ,Peter Washington,Peter,,Washington,M,,RRB6V,Margaret KITSON,NAT7F,John Washington,,,,1507,,,,,,,,,,,,,,,,Warton, Lancashire, England,,,,,,,,,,,
FVSPQ,Peter Of Boveney Montague,Peter Of Boveney,,Montague,M,Y,WDHWA,Margaret MALTHOUSE,TSNTB,William Montague,CYJHJ,Eleanor ALLEN,,1580,,,1659,,,,,,,,,,,,,Boveny Parish, Burnham, Buckingham, Eng,Parish Burnham, Buckingham, Eng,,,,,,,,,,
JYVYA,Rachel BALL,Rachel,,BALL,F,,XKI5L,Elizabeth WEBB,LFOE7,John BALL,,,,1568,,,,,,,,,,,,,,,,Ruscambe, , Eng,,,,,,,,,,,
HZ7TU,Rachel BALL,Rachel,,BALL,F,,XKI5L,Elizabeth WEBB,LFOE7,John BALL,,,,1583,,,,,,,,,,,,,,,,Wokingham, Berkshire, England,,,,,,,,,,,
EYI84,Rachel BALL,Rachel,,BALL,F,Y,CNANB,Agnes HATHOWAY,PZQPS,John BALL,,,,1583,,,1599,,,,,,,,,,,,,Wokingham, Berkshire, England,,,,,,,,,,,
Z2SY4,Ralph PERCY,Ralph,,PERCY,M,,E1XDY,Eleanor POYNINGS,HEQ2C,Henry PERCY,,,,1440,,,,,,,,,,,,,,,,Of, , Yorkshire, England,,,,,,,,,,,
I5G8N,Ralph BUTLER,Ralph,,BUTLER,M,,,,,,CPWS1,Mrs Ralph BUTLER,,1500,,,,,,,,,,,,,,,,Tyes Hall, Cuckfield, Sussex, England,,,,,,,,,,,
EFZ5P,Ralph PERCY,Ralph,,PERCY,M,Y,ZIDBQ,Eleanor NEVILLE,IXN68,Henry De PERCY,,,,1425,8,11,1464,4,25,,,,,,,,,,,, Leckonfield, Yorkshire, England,, Hedgeley Moor, Northumberland, England,,,,,,,,,,
SJVLV,Ralph GASCOIGNE,Ralph,,GASCOIGNE,M,Y,ZDKAY,Margaret CLARELL,VQ6O9,William GASCOIGNE,,,,1430,,,,,,,,,,,,,,,,Of, Gawthorpe, Yorkshire, England,,,,,,,,,,,
SSJHN,Ralph De NEVILLE,Ralph De,,NEVILLE,M,Y,,,,,V9R7M,Joan De BEAUFORT,,1364,,,1425,10,21,,,,,,,,,,,Of Castle Raby, Raby With Keverstone, Durham, England,Castle Raby, Raby With Keverstone, Durham, England,,,,,,,,,,
P4J48,Ralph De NEVILLE,Ralph De,,NEVILLE,M,Y,,,,,QBS5U,Mary De FERRERS,,1392,,,1457,2,25,,,,,,,,,,,Of, Raby, Durham, England,,,,,,,,,,,
M5JGS,Richard PAULET,Richard,,PAULET,M,,LQROM,Alice PAULET,XDZWM,John PAULET,,,,1494,,,,,,,,,,,,,,,,Of Herriard, Hampshire, Eng.,,,,,,,,,,,
KGJ67,Richard NEVILLE,Richard,,NEVILLE,M,Y,V9R7M,Joan De BEAUFORT,SSJHN,Ralph De NEVILLE,,,,1400,,,1460,12,30,,,,,,,,,,,Of, Raby, Durham, England,, Wakefield, Yorkshire, England,,1461,1,15,,,,,,
N0GW5,Richard BRYDGES,Richard,,BRYDGES,M,Y,Z0Y08,Miss HUNGERFORD,R8H54,Henry BRUGGE,,,,1497,,,,,,,,,,,,,,,,Of , Newbury, Berkshire, England,,, Ludgarshall, Wiltshire, England,,,,,,,,,
QMKGZ,Richard GIFFARD,Richard,,GIFFARD,M,,X9I61,Eleanor PAULET,ETQ5P,William GIFFORD,,,,1506,,,,,,,,,,,,,,,,Of, Itchell, Hampshire, England,,,,,,,,,,,
DC2XR,Richard HATHOWAY,Richard,,HATHOWAY,M,,,,,,,,,1503,,,,,,,,,,,,,,,,, , England,,,,,,,,,,,
R617A,Richard BALL,Richard,,BALL,M,Y,H4Y9S,Hannah ATHEROLD,A8MIA,William BALL,,,,1639,,,1676,,,,,,,,,,,,,, , England,, Richmond, Virginia,,,,,,,,,,
O5INS,Richard Washington,Richard,,Washington,M,,START,WIFE,PP7FC,Robert Washington,,,,1432,,,,,,,,,,,,,,,,Warton, Lancs, Eng,,,,,,,,,,,
F1UNT,Richard BALL,Richard,,BALL,M,,XKI5L,Elizabeth WEBB,LFOE7,John BALL,,,,1577,,,,,,,,,,,,,,,,Wokingham, Berkshire, England,,,,,,,,,,,
YGJ0E,Richard BALL,Richard,,BALL,M,,S5ZW9,Alice WALTHAM,WBL22,William BALL,,,,1594,,,,,,,,,,,,,,,,Salisbury, Massachusetts,,,,,,,,,,,
DTO5L,Richard BALL,Richard,,BALL,M,,H4Y9S,Hannah ATHEROLD,A8MIA,William BALL,,,,1641,,,,,,,,,,,,,,,,,,,,,,,,,,,
XKIUQ,Richard BULLOCK,Richard,,BULLOCK,M,Y,XT9CD,Alice KINGSMILL,HPCOJ,Thomas BULLOCK,,,,1540,,,1570,,,,,,,,,,,,,Arborfield, Berks, England,,,,,,,,,,,
X4CGU,Richard BALL,Richard,,BALL,M,Y,S5ZW9,Alice WALTHAM,WBL22,William BALL,,,,1603,,,,,,,,,,,,,,,,, , Wiltshire, England,, , , Virginia,,,,,,,,,,
V8F6X,Richard MALTHUS,Richard,,MALTHUS,M,Y,XCIH4,Margaret BULLOCK,SDTJX,John MALTHOUSE,,,,,,,,,,,,,,,,,,,,,,,1622,5,30,,,,,,
SGV55,Richard BALL,Richard,,BALL,M,Y,H4Y9S,Hannah ATHEROLD,A8MIA,William BALL,,,,1639,,,,,,,,,,,,,,,,,Infant,,,,,,,,,,
LJA8Z,Richard Montague,Richard,,Montague,M,Y,CYJHJ,Eleanor ALLEN,FVSPQ,Peter Of Boveney Montague,,,,1614,,,1681,12,14,,,,,,,,,,,England,Hadley, Hampshire, MA,,,,,,,,,,
LDWMW,Richard WALTHAM,Richard,,WALTHAM,M,,,,,,,,,1550,,,,,,,,,,,,,,,,Of, Wiltshire, England,,,,,,,,,,,
T73UT,Richard KINGSMILL,Richard,,KINGSMILL,M,Y,,,Q3TML,Richard KINGSMILL,KAH3L,Alice,,1440,,,1511,5,,,,,,,,,,,,Of Barkham, Berks, Eng,,,,,,,,,,,
KA3VX,Richard WINDIBANK,Richard,,WINDIBANK,M,,,,,,G6AM5,Margaret Verch GRIFFITH,,1532,,,,,,,,,,,,,,,,Of, Wallop, Hants, England,,,,,,,,,,,
PKHY8,Richard Washington,Richard,,Washington,M,Y,D74PP,Anne POPE,GOP1V,John Washington,,,,1660,9,5,,,,,,,,,,,,,,, Surry Co, VA,, Surry Co, VA,,,,,,,,,,
D3A1W,Richard PERCY,Richard,,PERCY,M,Y,ZIDBQ,Eleanor NEVILLE,IXN68,Henry De PERCY,,,,1426,,,1461,3,29,,,,,,,,,,,, Leckonfield, Yorkshire, England,, , , England,,,,,,,,,,
AIEDS,Richard POYNINGS,Richard,,POYNINGS,M,Y,V6X7T,Elizabeth (Eleanor) GREY,F96SE,Robert POYNINGS,YMEO8,Alianore Berkeley,,1392,,,1429,6,10,,,,,,,,,,,, , Yorkshire, England,Vp, Orleans, , France,,,,,,,,,,
Q3TML,Richard KINGSMILL,Richard,,KINGSMILL,M,,,,YCO4V,William KINGSMILL,,,,1415,,,,,,,,,,,,,,,,Of Barkham, Berks, Eng,,,,,,,,,,,
D6II7,Richard Washington,Richard,,Washington,M,,IYUGZ,Margaret BUTLER,KO5T7,Lawrence Washington,,,,1591,,,,,,,,,,,,,,,,Brington, Northants, Eng,,,,,,,,,,,
QSFGL,Richard Martiau,Richard,,Martiau,M,,YDY2R,Jane Berkeley,S2U2K,Nicholas Martiau,,,,1630,,,,,,,,,,,,,,,,Norfolk, Elizabethcity, VA,,,,,,,,,,,
A47IX,Richard GIFFARD,Richard,,GIFFARD,M,Y,GG1NI,Joan (Johan) BRYDGES,KP61S,John (Henry) GIFFORD,,,,1530,,,1568,11,15,,,,,,,,,,,Of, Itchell, Hampshire, England,,,,,,,,,,,
R9D4K,Robert Montague,Robert,,Montague,M,,CYJHJ,Eleanor ALLEN,FVSPQ,Peter Of Boveney Montague,,,,1605,,,,,,,,,,,,,,,,Burnham, Boveney, Bucks, England,,,,,,,,,,,
SEY84,Robert Washington,Robert,,Washington,M,Y,CTPRK,Elizabeth LIGHT,AOOBM,Robert Washington,,,,1568,,,1622,3,10,,,,,,,,,,,Of Whitefield, Lancs., Eng.,,,,,,,,,,,
BCCQH,Robert MALTHUS,Robert,,MALTHUS,M,Y,XCIH4,Margaret BULLOCK,SDTJX,John MALTHOUSE,,,,,,,,,,,,,,,,,,,,,,,1646,1,24,,,,,,
E7ZBB,Robert DYMOKE,Robert,,DYMOKE,M,Y,,,,,XNP6T,Anne SPARROW,,1561,,,1544,4,13,,,,,,,,,,,Scriveslby, Lincolnshire, England,,,,,,,,,,,
C2N4C,Robert Washington,Robert,,Washington,M,Y,START,WIFE,PP7FC,Robert Washington,DOJGG,Elizabeth WESTFIELD,,1475,,,1517,,,,,,,,,,,,,Warton, Lancs, Eng,,,,,,,,,,,
AOKRO,Robert READE,Robert,,READE,M,Y,SE1SR,Alice COOKE,B2BQ7,Andrew READE,ULXPQ,Mildred WINDIBANK,,1575,,,1626,,,,,,,,,,,,,, , England,Linkenholt Eng.,,,,,,,,,,
HFPLB,Robert PARGITER,Robert,,PARGITER,M,Y,,,,,BS3Y7,Anne KNIGHT,,1490,,,1557,2,4,,,,,,,,,,,Greatworth, Northamps, Eng,St. Katherine'S, Aisle, Greatworth, Church,,,,,,,,,,
E8N2F,Robert NEVILLE,Robert,,NEVILLE,M,Y,V9R7M,Joan De BEAUFORT,SSJHN,Ralph De NEVILLE,,,,1408,,,8,,,,,,,,,,,,,Of, Raby, Durham, England,,,,,,,,,,,
AOOBM,Robert Washington,Robert,,Washington,M,Y,B094D,Amy PARGITER,FKFO4,Lawrence Washington,CTPRK,Elizabeth LIGHT,,1544,,,1623,3,10,,,,,,,,,,,Sulgrave, Northampton, Eng.,South Isle Of Church, Sulgrave,Sulgrave, Northampton, S.Isle Of Church, England,1620,1,3,,,,,,
F96SE,Robert POYNINGS,Robert,,POYNINGS,M,Y,,,,,V6X7T,Elizabeth (Eleanor) GREY,,1382,12,3,1446,10,2,,,,,,,,,,,Okeford, Fitzpaine, Dorset, England,Orleans,,,,,,,,,,
WJ8US,Robert NEWMARCH,Robert,,NEWMARCH,M,,,,,,,,,1394,,,,,,,,,,,,,,,,Of, Oversley, Warwickshire, England,,,,,,,,,,,
I017K,Robert READE,Robert,,READE,M,Y,RRL4Z,Elizabeth Martiau (MARTAIN),ER9IN,George READE,,,,1644,,,1712,,,,,,,,,,,,,, , VA,,,,,,,,,,,
KJDCM,Robert BULLOCK,Robert,,BULLOCK,M,,,,,,UMP7E,Eleanor,,1502,,,,,,,,,,,,,,,,Of, England,,,,,,,,,,,
WWANC,Robert GASCOIGNE,Robert,,GASCOIGNE,M,,ZDKAY,Margaret CLARELL,VQ6O9,William GASCOIGNE,,,,1426,,,,,,,,,,,,,,,,Of, Monston, Yorkshire, England,,,,,,,,,,,
MJOLD,Robert READE,Robert,,READE,M,,,,,,JC6Z1,O'Alice POOLEY,,1536,,,,,,,,,,,,,,,,Of, Linkenholt Manor, Hants, England,,,,,,,,,,,
EOMH1,Robert Washington,Robert,,Washington,M,,IYUGZ,Margaret BUTLER,KO5T7,Lawrence Washington,,,,1591,,,,,,,,,,,,,,,,Brington, Northants, Eng,,,,,,,,,,,
RIF4B,Robert KITSON,Robert,,KITSON,M,,,,,,KFSUG,Mrs Robert KITSON,,1460,,,,,,,,,,,,,,,,Of, Warton, Lancashire, England,,,,,,,,,,,
VYGXZ,Robert BALL,Robert,,BALL,M,Y,X2U3Q,Unknown,XP58E,William BALL,WI5XV,Unknown,,1475,,,1543,,,,,,,,,,,,,Barkham, Berkshire, England,, , , England,,,,,,,,,,
QUGTA,Robert Montague,Robert,,Montague,M,Y,D0GUX,Joan,D2D43,William Montague,ZTWL6,Margaret COTTON,,1528,,,1575,1,16,,,,,,,,,,,Boveney Buckinghamshire, England,Boveney, Bucks, Eng,Boveney, Bucks, England,1575,1,16,,,,,,
PP7FC,Robert Washington,Robert,,Washington,M,Y,,,PNVM0,John DE Washington,START,WIFE,,1404,,,1479,,,,,,,,,,,,,Warton, Lancs, Eng,Warton Lonesdale, Lancs, Eng,,,,,,,,,,
W81GX,Robert BALL,Robert,,BALL,M,,CNANB,Agnes HATHOWAY,PZQPS,John BALL,,,,1553,,,,,,,,,,,,,,,,Wokingham, Berkshsire, England,,,,,,,,,,,
FTOXC,Robert DYMOKE,Robert,,DYMOKE,M,Y,HVXNC,Anne TALBOIS,Y1FO2,Edward DYMOKE,,,,1526,,,1580,9,12,,,,,,,,,,,Scrivelsby, Lincolnshire, England,,,,,,,,,,,
SO4AN,Roger COTTON,Roger,,COTTON,M,,,,,,VPYGO,Mrs Roger COTTON,,1508,,,,,,,,,,,,,,,,Wardville, Berkshire, Eng,,,,,,,,,,,
D4IIF,Samuel MATHEWS,Samuel,,MATHEWS,M,,,,DR5FL,Samuel MATHEWS,,,,1602,,,,,,,,,,,,,,,,,,,,,,,,,,,
DR5FL,Samuel MATHEWS,Samuel,,MATHEWS,M,Y,,,,,,,,1574,,,1660,1,,,,,,,,,,,,, , , England,, , VA,,,,,,,,,,
Z5855,Samuel BALL,Samuel,,BALL,M,,S5ZW9,Alice WALTHAM,WBL22,William BALL,,,,1601,,,,,,,,,,,,,,,,, , Wiltshire, England,,,,,,,,,,,
I76A7,Samuel BALL,Samuel,,BALL,M,,S5ZW9,Alice WALTHAM,WBL22,William BALL,,,,1592,,,,,,,,,,,,,,,,Wilshire, England,,,,,,,,,,,
FVZ0A,Samuel Washington,Samuel,,Washington,M,Y,P9BQ4,Mary BALL,EHDG4,Augustine Washington,,,,1734,11,16,1781,,,,,,,,,,,,,Wakefield, Westmoreland, Virginia,,,,,,,,,,,
JSM2W,Samuel BALL,Samuel,,BALL,M,,XKI5L,Elizabeth WEBB,LFOE7,John BALL,,,,1581,,,,,,,,,,,,,,,,Wokingham, Berkshire, England,,,,,,,,,,,
LCBPK,Sara BALL,Sara,,BALL,F,Y,BVLUB,Mary Montague,AH1JY,Joseph BALL,,,,1712,1,13,,,,,,,,,,,,,,Bewdley, Lancaster Co, VA,VA,,,,,,,,,,
D6G2M,Sarah Martiau,Sarah,,Martiau,F,,YDY2R,Jane Berkeley,S2U2K,Nicholas Martiau,,,,1629,,,,,,,,,,,,,,,,, , VA,,,,,,,,,,,
X0AFG,Sarah WARNER,Sarah,,WARNER,F,,BKVUA,Mary TOWNELEY,G65NZ,Augustine WARNER,,,,1644,,,,,,,,,,,,,,,,Of, Gloucester, VA,,,,,,,,,,,
J6FSP,Sarah Montague,Sarah,,Montague,F,,CP67B,Cicely MATTHEW,L4FTA,Peter Montague,,,,1638,,,,,,,,,,,,,,,,,,,,,,,,,,,
VJMLL,Sarah Martiau,Sarah,,Martiau,F,,YDY2R,Jane Berkeley,S2U2K,Nicholas Martiau,,,,1625,,,,,,,,,,,,,,,,, , VA,,,,,,,,,,,
BCEOY,Sarah DYMOKE,Sarah,,DYMOKE,F,,HVXNC,Anne TALBOIS,Y1FO2,Edward DYMOKE,,,,1552,,,,,,,,,,,,,,,,Scrivelsby, Lincolnshire, England,,,,,,,,,,,
ZU7A9,Sinah BALL,Sinah,,BALL,F,Y,BVLUB,Mary Montague,AH1JY,Joseph BALL,,,,1727,2,14,,,,,,,,,,,,,,VA,VA,,,,,,,,,,
SH9GU,Son MATHEWS,Son,,MATHEWS,M,,,,DR5FL,Samuel MATHEWS,,,,1604,,,,,,,,,,,,,,,,,,,,,,,,,,,
ZWMNK,Susan DYMOKE,Susan,,DYMOKE,F,Y,HVXNC,Anne TALBOIS,Y1FO2,Edward DYMOKE,,,,1549,,,,,,,,,,,,,,,,Of Scrivelsby, Lindssay, Lincolnshire, England,,,1620,7,5,,,,,,
G2DVO,Susan BALL,Susan,,BALL,F,,XKI5L,Elizabeth WEBB,LFOE7,John BALL,,,,1587,,,,,,,,,,,,,,,,Wokingham, Berkshire, England,,,,,,,,,,,
Z4RMM,Thomas ATHEROLD,Thomas,,ATHEROLD,M,,,,,,I4DVI,Mary VESSEY,,1570,,,,,,,,,,,,,,,,Burgh, Suffolk, England,,,,,,,,,,,
X5RZ7,Thomas POPE,Thomas,,POPE,M,Y,WAE32,Lucy,Q2SVZ,Nathaniel POPE,,,,1639,,,1668,,,,,,,,,,,,,St. Mary'S Par., Maryland,England,,,,,,,,,,
BK3B6,Thomas POPE,Thomas,,POPE,M,Y,WAE32,Lucy,Q2SVZ,Nathaniel POPE,,,,1630,,,1685,10,,,,,,,,,,,,Bristol, Gloucestershire, Eng,Bristol, Gloucestershire, Eng,,,,,,,,,,
V5W0O,Thomas WINDIBANK,Thomas,,WINDIBANK,M,Y,G6AM5,Margaret Verch GRIFFITH,KA3VX,Richard WINDIBANK,KGCGH,Frances DYMOKE,,1980,1,,1607,10,24,,,,,,,,,,,Haines Hillhurst, Parish, Berkshire,Scrivelsby, Lincolnshire, England,,1607,11,25,,,,,,
BRRYM,Thomas WARNER,Thomas,,WARNER,M,,WE44K,Mary,EOZPW,William WARNER,DH5RV,Elizabeth SOTHERTON,,1580,,,,,,,,,,,,,,,,Hoe, Norfolk, England,,,,,,,,,,,
T2LYQ,Thomas WARNER,Thomas,,WARNER,M,,,,,,,,,1514,,,,,,,,,,,,,,,,,,,,,,,,,,,
XSNWX,Thomas BALL,Thomas,,BALL,M,Y,XKI5L,Elizabeth WEBB,LFOE7,John BALL,,,,1575,,,1744,10,27,,,,,,,,,,,Wokingham, Berkshire, England,,,,,,,,,,,
FW0YL,Thomas VESEY,Thomas,,VESEY,M,,,,,,B2S7K,Elizabeth CHURCH,,1570,,,,,,,,,,,,,,,,Aldham, Suffolk, , England,,,,,,,,,,,
C50EQ,Thomas BALL,Thomas,,BALL,M,,CNANB,Agnes HATHOWAY,PZQPS,John BALL,,,,1555,,,,,,,,,,,,,,,,Wokingham, Berkshire, England,,,,,,,,,,,
WKH13,Thomas POPE,Thomas,,POPE,M,Y,WAE32,Lucy,Q2SVZ,Nathaniel POPE,,,,1633,,,1685,,,,,,,,,,,,,Briston, , , England,Bristol, , , England,,,,,,,,,,
WPEEY,Thomas Washington,Thomas,,Washington,M,Y,IYUGZ,Margaret BUTLER,KO5T7,Lawrence Washington,,,,1602,,,1622,,,,,,,,,,,,,England,Madrid, Spain,,,,,,,,,,
WBZWG,Thomas WEBB,Thomas,,WEBB,M,,,,,,E0GOW,Mrs Thomas WEBB,,1555,,,,,,,,,,,,,,,,Of, Roscombe, , England,,,,,,,,,,,
SHNEY,Thomas Washington,Thomas,,Washington,M,,CTPRK,Elizabeth LIGHT,AOOBM,Robert Washington,,,,1577,,,,,,,,,,,,,,,,Sulgrave, Northampton, En,,,,,,,,,,,
ISOQD,Thomas TWIGDEN,Thomas,,TWIGDEN,M,Y,C30KH,Mrs William TWIGDEN,YM8X9,William TWIGDEN,QX0NL,Amphyllis WATTS,,1559,,,1580,,,,,,,,,,,,,Of, Little Creston, Northants, England,,,1580,,,,,,,,
Z24R8,Thomas PAULET,Thomas,,PAULET,M,,LQROM,Alice PAULET,XDZWM,John PAULET,,,,1483,,,,,,,,,,,,,,,,Basing, Hampshire, Eng,,,,,,,,,,,
QBEM9,Thomas BULLOCK,Thomas,,BULLOCK,M,,XT9CD,Alice KINGSMILL,HPCOJ,Thomas BULLOCK,,,,1544,,,,,,,,,,,,,,,,Arborfield, Berks, England,,,,,,,,,,,
HPCOJ,Thomas BULLOCK,Thomas,,BULLOCK,M,Y,XHUK8,Margaret NORRIS,JI3UX,Gilbert BULLOCK,XT9CD,Alice KINGSMILL,,1482,,,1558,,,,,,,,,,,,,Arborfield, Berks, Eng,,,,,,,,,,,
H2KBD,Thomas PECK,Thomas,,PECK,M,,,,,,NOHTZ,Ursula GUYBAN,,1527,,,,,,,,,,,,,,,,,,,,,,,,,,,
QH5SD,Thomas Washington,Thomas,,Washington,M,,RRB6V,Margaret KITSON,NAT7F,John Washington,,,,1510,,,,,,,,,,,,,,,,Warton, Lancashire, England,,,,,,,,,,,
MO49I,Thomas CLARELL,Thomas,,CLARELL,M,,,,,,KQVYD,Mrs-Thomas CLARELL,,1411,,,,,,,,,,,,,,,,Of, Aldwark, Yorkshire, England,,,,,,,,,,,
ZZV0M,Thomas Washington,Thomas,,Washington,M,,DOJGG,Elizabeth WESTFIELD,C2N4C,Robert Washington,,,,1467,,,,,,,,,,,,,,,,Warton, Lancs, Eng,,,,,,,,,,,
C76DG,Thomas READE,Thomas,,READE,M,Y,RRL4Z,Elizabeth Martiau (MARTAIN),ER9IN,George READE,,,,1649,,,1716,,,,,,,,,,,,,, , VA,, , VA.,,,,,,,,,,
BYZKB,Thomas READE,Thomas,,READE,M,,RRL4Z,Elizabeth Martiau (MARTAIN),ER9IN,George READE,,,,1667,,,,,,,,,,,,,,,,VA,,,,,,,,,,,
BE6KL,Thomas LIGHT,Thomas,,LIGHT,M,,,,,,BJAYA,Agnes,,1478,,,,,,,,,,,,,,,,Horley, Warwick, , Eng,,,,,,,,,,,
PX89R,Thomas KITSON,Thomas,,KITSON,M,Y,KFSUG,Mrs Robert KITSON,RIF4B,Robert KITSON,,,,1485,,,1540,9,11,,,,,,,,,,,Hengrave, Suffolk, England,Hengrave, Suffolk, England,,,,,,,,,,
BCKSY,Thomas GASCOIGNE,Thomas,,GASCOIGNE,M,,MJDPJ,Margaret PERCY,E5KXQ,William GASCOIGNE,,,,1470,,,,,,,,,,,,,,,,Of, Gawthorpe, York, England,,,,,,,,,,,
WAHDI,Thomas MALTHUS,Thomas,,MALTHUS,M,Y,XCIH4,Margaret BULLOCK,SDTJX,John MALTHOUSE,,,,1560,,,,,,,,,,,,,,,,Binfield, Berks, England,,,1568,7,29,,,,,,
NSNOY,Thomas ATHEROLD,Thomas,,ATHEROLD,M,Y,I4DVI,Mary VESSEY,Z4RMM,Thomas ATHEROLD,CPKYZ,Mary HARVEY,,1590,,,1658,,,,,,,,,,,,,Gray's Inn,,,,,,,,,,,
G7FIQ,Thomas POPE,Thomas,,POPE,M,Y,WAE32,Lucy,Q2SVZ,Nathaniel POPE,,,,1648,,,1685,10,20,,,,,,,,,,,, St Mary'S, MD,Will Proved,,,,,,,,,,
MP84F,Thomas BRUGGE,Thomas,,BRUGGE,M,,I9N0K,Florence DARREL,PW9DB,Thomas BRUGGE,,,,1471,,,,,,,,,,,,,,,,Of, Coberley, Gloucestershire, England,,,,,,,,,,,
PW9DB,Thomas BRUGGE,Thomas,,BRUGGE,M,Y,,,,,I9N0K,Florence DARREL,,1427,,,1493,1,30,,,,,,,,,,,Of, Coberley, Gloucestershire, England,,,,,,,,,,,
E5DK3,Thomas PERCY,Thomas,,PERCY,M,Y,ZIDBQ,Eleanor NEVILLE,IXN68,Henry De PERCY,,,,1422,11,29,1460,7,10,,,,,,,,,,,, Leckonfield, Yorkshire, England,Battle Of, Northampton, Northamptonshire, England,,,,,,,,,,
QW82P,Thomas GREEKE,Thomas,,GREEKE,M,,,,,,G8ER6,Jane THOMPSON,,1524,,,,,,,,,,,,,,,,Palstarr, , Lancaster, England,,,,,,,,,,,
NW424,Thomas De NEVILLE,Thomas De,,NEVILLE,M,,V9R7M,Joan De BEAUFORT,SSJHN,Ralph De NEVILLE,,,,1403,,,,,,,,,,,,,,,,Of, Raby, Durham, England,,,,,,,,,,,
WI5XV,Unknown,Unknown,,,F,,,,,,VYGXZ,Robert BALL,,1475,,,,,,,,,,,,,,,,,,,,,,,,,,,
X2U3Q,Unknown,Unknown,,,F,,,,,,XP58E,William BALL,,1450,,,,,,,,,,,,,,,,,,,,,,,,,,,
RGP5Z,Unknown,Unknown,,,F,,,,,,JAUXB,William BALL,,1509,,,,,,,,,,,,,,,,,,,,,,,,,,,
NOHTZ,Ursula GUYBAN,Ursula,,GUYBAN,F,,,,,,H2KBD,Thomas PECK,,1531,,,,,,,,,,,,,,,,,,,,,,,,,,,
RKMTB,Ursula Washington,Ursula,,Washington,F,,CTPRK,Elizabeth LIGHT,AOOBM,Robert Washington,,,,1581,,,,,,,,,,,,,,,,Of Sulgrave, Northampton, Eng.,,,,,,,,,,,
U1R48,Ursula WOODFORD,Ursula,,WOODFORD,F,,,,,,EMQTO,Walter LIGHT,,1519,,,,,,,,,,,,,,,,Of Radway, Warricks, Eng,,,,,,,,,,,
S2MD4,Walter Washington,Walter,,Washington,M,Y,CTPRK,Elizabeth LIGHT,AOOBM,Robert Washington,,,,1577,,,1597,,,,,,,,,,,,,Of Sulgrave, Northhampton, Eng.,,,1597,1,1,,,,,,
YT50W,Walter Washington,Walter,,Washington,M,Y,CTPRK,Elizabeth LIGHT,AOOBM,Robert Washington,,,,1570,,,1596,1,1,,,,,,,,,,,Sulgrave, Northants, Eng,Will Dated,,,,,,,,,,
EMQTO,Walter LIGHT,Walter,,LIGHT,M,Y,H0E2F,Elizabeth WARDE,INAGP,Christopher LIGHT,U1R48,Ursula WOODFORD,,,,,1596,3,16,,,,,,,,,,,Radway, Grange, Oxfordshire, Eng,,,1597,4,23,,,,,,
XP58E,William BALL,William,,BALL,M,Y,,,,,X2U3Q,Unknown,,1450,,,1480,,,,,,,,,,,,,,Barkham Manor, Barkham, Berkshsire, England,,,,,,,,,,
WFDF7,William BALL,William,,BALL,M,Y,S5ZW9,Alice WALTHAM,WBL22,William BALL,,,,1596,,,1680,,,,,,,,,,,,,, Lancaster, Virginia,,,,,,,,,,,
JAUXB,William BALL,William,,BALL,M,Y,WI5XV,Unknown,VYGXZ,Robert BALL,RGP5Z,Unknown,,1505,,,1550,,,,,,,,,,,,,,Wokingham, Berkshire, England,,,,,,,,,,
L8VUX,William Washington,William,,Washington,M,Y,IYUGZ,Margaret BUTLER,KO5T7,Lawrence Washington,,,,1590,,,1648,3,1,,,,,,,,,,,Packington, Leics, Eng,Will Proved,,,,,,,,,,
DKNRK,William Montague,William,,Montague,M,Y,CP67B,Cicely MATTHEW,L4FTA,Peter Montague,,,,1638,,,1713,12,,,,,,,,,,,,, Nansemond, VA,Middlesex County, VA,,,,,,,,,,
YM8X9,William TWIGDEN,William,,TWIGDEN,M,,,,,,C30KH,Mrs William TWIGDEN,,1520,,,,,,,,,,,,,,,,Of, Little Creston, Northants, England,,,,,,,,,,,
WBL22,William BALL,William,,BALL,M,Y,XKI5L,Elizabeth WEBB,LFOE7,John BALL,S5ZW9,Alice WALTHAM,,1573,,,1648,4,,,,,,,,,,,,, , Wiltshire, England,New Haven, New Haven, CT,,,,,,,,,,
VP6XD,William WILMER,William,,WILMER,M,,,,,,MIECN,Juliana SPENCER,,1510,,,,,,,,,,,,,,,,Of, Great Creaton, Northants, England,,,,,,,,,,,
Q7I4U,William MALTHOUSE,William,,MALTHOUSE,M,,WDHWA,Margaret MALTHOUSE,TSNTB,William Montague,,,,1576,,,,,,,,,,,,,,,,Boveney, Bucks, Eng,,,,,,,,,,,
Q2SR2,William BULLOCK,William,,BULLOCK,M,,XT9CD,Alice KINGSMILL,HPCOJ,Thomas BULLOCK,,,,1522,,,,,,,,,,,,,,,,Arborfield, Berkshire, England,,,,,,,,,,,
S6LE7,William NEVILLE,William,,NEVILLE,M,Y,V9R7M,Joan De BEAUFORT,SSJHN,Ralph De NEVILLE,,,,1409,,,1462,1,9,,,,,,,,,,,Of, Raby, Durham, England,Of, Alnwick, Northumberland, England,,,,,,,,,,
KP4N7,William BALL,William,,BALL,M,Y,H4Y9S,Hannah ATHEROLD,A8MIA,William BALL,,,,1641,1,25,1694,9,30,,,,,,,,,,,, , England,, , Virginia,,,,,,,,,,
G7JVF,William BALL,William,,BALL,M,,H4Y9S,Hannah ATHEROLD,A8MIA,William BALL,,,,1643,,,,,,,,,,,,,,,,,,,,,,,,,,,
D2D43,William Montague,William,,Montague,M,Y,,,,,D0GUX,Joan,,1485,,,1555,3,21,,,,,,,,,,,Buckingham, Berkshire, Eng,Boveney, Bucks, Eng,,,,,,,,,,
YCO4V,William KINGSMILL,William,,KINGSMILL,M,,,,,,,,,1390,,,,,,,,,,,,,,,,Of Barkham, Berks, Eng,,,,,,,,,,,
STNXR,William PARGITER,William,,PARGITER,M,,BS3Y7,Anne KNIGHT,HFPLB,Robert PARGITER,,,,1492,,,,,,,,,,,,,,,,Shattiswell, Warwick, Eng,,,,,,,,,,,
E5KXQ,William GASCOIGNE,William,,GASCOIGNE,M,Y,OJS7Z,Joan NEVILLE,LISOO,William GASCOIGNE,MJDPJ,Margaret PERCY,,1445,,,1486,3,4,,,,,,,,,,,Of, Gawthorpe, Yorkshire, England,,,,,,,,,,,
PRNR1,William GASCOIGNE,William,,GASCOIGNE,M,Y,MJDPJ,Margaret PERCY,E5KXQ,William GASCOIGNE,,,,1467,,,1551,10,20,,,,,,,,,,,Of, Fryston, York, England,,,,,,,,,,,
VQ6O9,William GASCOIGNE,William,,GASCOIGNE,M,Y,E2S4T,Joan (Jane) WYMAN,P6L32,William GASCOIGNE,ZDKAY,Margaret CLARELL,,1398,,,,,,,,,,,,,,,,Of, Gawthorpe, Yorkshire, England,,,,,,,,,,,
XANBI,William PERCY,William,,PERCY,M,Y,ZIDBQ,Eleanor NEVILLE,IXN68,Henry De PERCY,,,,1428,4,7,1462,,,,,,,,,,,,,, Leckonfield, Yorkshire, England,, , , England,,,,,,,,,,
P6L32,William GASCOIGNE,William,,GASCOIGNE,M,Y,,,,,E2S4T,Joan (Jane) WYMAN,,1366,,,1422,3,28,,,,,,,,,,,Of, Harewood, Yorkshire, England,,,,,,,,,,,
T76JV,William NORRIS,William,,NORRIS,M,,,,,,,,,1428,,,,,,,,,,,,,,,,,,,,,,,,,,,
A8MIA,William BALL,William,,BALL,M,Y,S5ZW9,Alice WALTHAM,WBL22,William BALL,H4Y9S,Hannah ATHEROLD,,1614,,,1680,10,15,,,,,,,,,,,, , Wiltshire, England,Millenbeck, Lancaster Co., Virginia,, Millenbeck, Lancaster, VA,1680,11,8,,,,,,
LISOO,William GASCOIGNE,William,,GASCOIGNE,M,Y,ZDKAY,Margaret CLARELL,VQ6O9,William GASCOIGNE,OJS7Z,Joan NEVILLE,,1439,,,1463,,,,,,,,,,,,,Of, Gawthorpe, Yorkshire, England,,,,,,,,,,,
DQOFF,William MALTHUS,William,,MALTHUS,M,,XCIH4,Margaret BULLOCK,SDTJX,John MALTHOUSE,,,,,,,,,,,,,,,,,,,,,,,,,,,,,,,
XMOKG,William PAULET (POWLETT),William,,PAULET (POWLETT),M,Y,LQROM,Alice PAULET,XDZWM,John PAULET,,,,1483,,,1571,3,10,,,,,,,,,,,Of, Basing, Hampshire, England,, Basing, Hampshire, England,, Basing, Hampshire, England,,,,,,,,,
LY1AP,William BUTLER,William,,BUTLER,M,,NI53C,Margaret Dudley SUTTON,U385T,John BUTLER,T0ID3,Margaret,,1540,,,,,,,,,,,,,,,,Tyes Hall, Cuckfield, Sussex, England,,,,,,,,,,,
TSNTB,William Montague,William,,Montague,M,Y,ZTWL6,Margaret COTTON,QUGTA,Robert Montague,WDHWA,Margaret MALTHOUSE,,1548,,,,,,,,,,,,,,,,Boveney, , Bucks., Eng,,,,,,,,,,,
BQDVO,William DICKENS,William,,DICKENS,M,Y,O4HPY,Mrs John DICKENS,JDAL9,John DICKENS,KZ5J4,Anne THORNTON,,1555,,,1583,,,,,,,,,,,,,Of, Great Creaton, Northants, England,,,1583,,,,,,,,
EOZPW,William WARNER,William,,WARNER,M,,,,T2LYQ,Thomas WARNER,WE44K,Mary,,1540,,,,,,,,,,,,,,,,Hoe, , , England,,,,,,,,,,,
MCN0K,William Montague,William,,Montague,M,Y,CYJHJ,Eleanor ALLEN,FVSPQ,Peter Of Boveney Montague,,,,1616,,,1681,,,,,,,,,,,,,Of Burnham, Bucks, England,,,,,,,,,,,
DAU18,William Washington,William,,Washington,M,,CTPRK,Elizabeth LIGHT,AOOBM,Robert Washington,,,,1575,,,,,,,,,,,,,,,,Of Sulgrave, Northampton, Eng.,,,,,,,,,,,
XP6TG,William Montague,William,,Montague,M,,WDHWA,Margaret MALTHOUSE,TSNTB,William Montague,,,,1573,,,,,,,,,,,,,,,,,,,,,,,,,,,
I7NOD,William Montague,William,,Montague,M,,WDHWA,Margaret MALTHOUSE,TSNTB,William Montague,,,,1573,,,,,,,,,,,,,,,,Boveney, Bucks, England,,,,,,,,,,,
GAFBK,William Montague,William,,Montague,M,Y,FU0VQ,Mary DOODES,P3JQH,Peter Montague,,,,,,,1713,12,7,,,,,,,,,,,, Middlesex Cnty, Virginia,, Middlesex Cnty, Virginia,,,,,,,,,,
Z3OFN,William BULLOCK,William,,BULLOCK,F,,XCIH4,Margaret BULLOCK,SDTJX,John MALTHOUSE,,,,1522,,,,,,,,,,,,,,,,Arborfield, Berks, Eng,,,,,,,,,,,
QJRVE,William Washington,William,,Washington,M,,B094D,Amy PARGITER,FKFO4,Lawrence Washington,,,,1546,,,,,,,,,,,,,,,,Greys Inn, Middlesex, England,,,,,,,,,,,
MA8WB,William Washington,William,,Washington,M,Y,NB96M,Amphyllis TWIGDEN,GTB9E,Lawrence Washington,,,,1627,,,1641,10,14,,,,,,,,,,,England,Tring, Herts,,,,,,,,,,
ETQ5P,William GIFFORD,William,,GIFFORD,M,,AIVOJ,John Mrs GIFFORD,NXRFV,John GIFFARD,X9I61,Eleanor PAULET,,1482,,,,,,,,,,,,,,,,Of, Itchell, Hampshire, England,,,,,,,,,,,
ZLTHF,William ALLEN,William,,ALLEN,M,Y,,,TF45C,John ALLEN,CR6DX,Ellen,,1553,,,1589,,,,,,,,,,,,,Of Burnham, , Eng,Burnham, Boveney, Bucks, England,Burnham, Boveney, Bucks, England,,,,,,,,,
HUTSL,William Montague,William,,Montague,M,,CYJHJ,Eleanor ALLEN,FVSPQ,Peter Of Boveney Montague,,,,1610,,,,,,,,,,,,,,,,Burnham, Boveney, Bucks, England,,,,,,,,,,,
AKNJN,,,,,,,,,,,,,L4LZA,,,,,,,,,,,,,,,,,,,,,,,,,,,,
